Time (s),RPM,Coolant
0,0,40.449
0.1,0,40.449
0.2,0,40.449
0.3,0,40.449
0.4,0,40.449
0.5,0,40.449
0.6,0,40.449
0.7,0,40.449
0.8,0,40.449
0.9,0,40.449
1,0,40.449
1.1,0,40.449
1.2,0,40.449
1.3,0,40.449
1.4,0,40.449
1.5,0,40.449
1.6,0,40.449
1.7,0,40.449
1.8,0,40.449
1.9,0,40.449
2,0,40.449
2.1,0,40.449
2.2,0,40.449
2.3,0,40.449
2.4,0,40.449
2.5,0,40.449
2.6,0,40.449
2.7,0,40.449
2.8,0,40.449
2.9,0,40.449
3,0,40.449
3.1,0,40.449
3.2,0,40.449
3.3,0,40.449
3.4,0,40.449
3.5,128.655,40.449
3.6,2587.31,40.449
3.7,2856.526,40.449
3.8,2838.979,40.449
3.9,2829.469,40.449
4,2865.444,40.449
4.1,2859.814,40.449
4.2,2956.864,40.449
4.3,2912.576,40.449
4.4,2568.19,40.449
4.5,2009.12,40.449
4.6,1479.328,40.449
4.7,1673.107,40.449
4.8,2343.908,40.449
4.9,2930.933,40.449
5,3037.766,40.449
5.1,3255.965,40.449
5.2,3968.486,40.449
5.3,3755.175,40.449
5.4,3901.342,40.449
5.5,3636.687,40.449
5.6,3271.371,40.447
5.7,3597.327,40.413
5.8,3880.208,40.38
5.9,3622.207,40.365
6,3275.465,40.35
6.1,3760.014,40.35
6.2,4067.135,40.35
6.3,3717.961,40.35
6.4,3528.971,40.35
6.5,3765.944,40.35
6.6,4064.193,40.35
6.7,4008.592,40.35
6.8,3739.819,40.35
6.9,3886.041,40.35
7,3859.654,40.35
7.1,3731.758,40.35
7.2,3655.384,40.35
7.3,3650.471,40.35
7.4,3699.449,40.351
7.5,3481.188,40.358
7.6,3377.044,40.368
7.7,3392.926,40.411
7.8,3586.837,40.449
7.9,3520.753,40.449
8,3167.422,40.449
8.1,3218.141,40.449
8.2,3686.131,40.449
8.3,3782.563,40.449
8.4,3315.507,40.449
8.5,3037.603,40.449
8.6,3173.687,40.454
8.7,3664.275,40.494
8.8,3909.307,40.531
8.9,4011.285,40.541
9,4045.214,40.549
9.1,3954.515,40.549
9.2,4006.66,40.549
9.3,3917.069,40.549
9.4,3841.189,40.553
9.5,3818.581,40.581
9.6,3733.052,40.608
9.7,3784.361,40.63
9.8,3838.567,40.649
9.9,3918.438,40.649
10,3859.3,40.649
10.1,3967.678,40.649
10.2,3920.22,40.652
10.3,3796.093,40.668
10.4,3569.099,40.687
10.5,3574.205,40.72
10.6,3948.128,40.75
10.7,3934.283,40.75
10.8,3628.74,40.75
10.9,3804.461,40.75
11,3901.041,40.75
11.1,3661.228,40.754
11.2,3979.571,40.765
11.3,3732.491,40.811
11.4,3921.696,40.85
11.5,3860.759,40.85
11.6,3749.232,40.85
11.7,3651.363,40.85
11.8,3749.855,40.855
11.9,3839.9,40.895
12,3805.033,40.929
12.1,3716.886,40.94
12.2,3756.894,40.95
12.3,3853.938,40.95
12.4,3828.733,40.954
12.5,3861.288,40.982
12.6,4123.254,41.01
12.7,4699.167,41.031
12.8,4864.257,41.05
12.9,5174.036,41.05
13,5816.216,41.053
13.1,6786.423,41.07
13.2,7601.876,41.091
13.3,7671.702,41.123
13.4,7588.666,41.15
13.5,7405.083,41.15
13.6,7021.369,41.151
13.7,6521.226,41.159
13.8,5905.089,41.173
13.9,5250.836,41.215
14,4811.693,41.25
14.1,4624.896,41.251
14.2,4369.42,41.26
14.3,4130.952,41.306
14.4,4165.984,41.345
14.5,4132.33,41.347
14.6,3985.457,41.35
14.7,3929.499,41.35
14.8,4004.18,41.357
14.9,4304.565,41.394
15,5059.194,41.427
15.1,5947.581,41.44
15.2,7029.772,41.456
15.3,7487.999,41.485
15.4,7555.093,41.513
15.5,7901.912,41.533
15.6,8006.099,41.554
15.7,7728.999,41.577
15.8,7714.32,41.601
15.9,7677.148,41.628
16,7795.951,41.653
16.1,7925.794,41.669
16.2,7735.968,41.689
16.3,7763.868,41.723
16.4,7718.823,41.752
16.5,7521.868,41.764
16.6,7122.938,41.781
16.7,6594.411,41.819
16.8,5936.096,41.851
16.9,5289.932,41.856
17,4878.189,41.87
17.1,4615.765,41.915
17.2,4306.27,41.949
17.3,4128.233,41.949
17.4,4106.915,41.96
17.5,4084.809,42.008
17.6,4078.573,42.055
17.7,4077.489,42.101
17.8,4113.252,42.139
17.9,4095.058,42.145
18,4127.49,42.159
18.1,4127.266,42.196
18.2,4110.237,42.236
18.3,4091.72,42.282
18.4,4110.366,42.329
18.5,4110.779,42.375
18.6,4146.066,42.416
18.7,4138.807,42.435
18.8,4120.217,42.455
18.9,4130.748,42.478
19,4137.786,42.507
19.1,4113.609,42.554
19.2,4141.815,42.601
19.3,4179.801,42.647
19.4,4118.605,42.691
19.5,4100.309,42.725
19.6,4058.99,42.752
19.7,4065.742,42.762
19.8,4233.689,42.782
19.9,4113.091,42.83
20,4090.715,42.878
20.1,4099.315,42.925
20.2,4105.885,42.973
20.3,4149.232,43.02
20.4,4132.656,43.066
20.5,4066.92,43.113
20.6,4083.189,43.147
20.7,4076.924,43.149
20.8,4073.269,43.161
20.9,4124.651,43.203
21,4114.234,43.247
21.1,4088.016,43.293
21.2,4139.869,43.33
21.3,4076.256,43.341
21.4,4066.215,43.359
21.5,4121.335,43.392
21.6,4139.766,43.429
21.7,4071.734,43.475
21.8,4126.536,43.523
21.9,4139.804,43.57
22,4134.107,43.61
22.1,4103.605,43.633
22.2,4110.416,43.656
22.3,4083.573,43.676
22.4,4099.111,43.704
22.5,4113.985,43.752
22.6,4111.063,43.799
22.7,4050.415,43.846
22.8,4046.246,43.89
22.9,4121.421,43.925
23,4118.24,43.952
23.1,4106.485,43.961
23.2,4101.95,43.982
23.3,4083.258,44.029
23.4,4147.401,44.075
23.5,4123.634,44.119
23.6,4090.324,44.15
23.7,4111.636,44.15
23.8,4114.95,44.164
23.9,4127.475,44.21
24,4075.259,44.257
24.1,4109.24,44.306
24.2,4116.615,44.34
24.3,4090.018,44.346
24.4,4069.043,44.362
24.5,4066.912,44.4
24.6,4072.989,44.441
24.7,4091.781,44.489
24.8,4077.313,44.536
24.9,4014.453,44.582
25,4037.873,44.628
25.1,4096.139,44.674
25.2,4077.44,44.712
25.3,4071.371,44.735
25.4,4055.388,44.757
25.5,4042.752,44.779
25.6,4105.243,44.811
25.7,4070.655,44.858
25.8,4101.194,44.9
25.9,4073.389,44.93
26,4093.487,44.955
26.1,4100.562,44.971
26.2,4038.415,44.997
26.3,4084.446,45.044
26.4,4096.631,45.088
26.5,4079.116,45.125
26.6,4074.356,45.152
26.7,4082.34,45.158
26.8,4071.734,45.178
26.9,4076.086,45.224
27,4103.734,45.271
27.1,4086.356,45.318
27.2,4080.098,45.349
27.3,4090.672,45.349
27.4,4072.327,45.382
27.5,4135.966,45.47
27.6,4108.586,45.531
27.7,4054.215,45.542
27.8,4026.397,45.564
27.9,4094.055,45.603
28,4122.994,45.645
28.1,4060.645,45.693
28.2,4094.766,45.728
28.3,4131.079,45.741
28.4,4091.955,45.761
28.5,4069.157,45.79
28.6,4079.135,45.826
28.7,4074.545,45.873
28.8,4083.322,45.912
28.9,4105.045,45.935
29,4087.693,45.958
29.1,4055.956,45.978
29.2,4084.62,46.009
29.3,4103.687,46.055
29.4,4073.297,46.097
29.5,4028.325,46.13
29.6,4081.542,46.154
29.7,4108.088,46.166
29.8,4118.537,46.191
29.9,4104.084,46.237
30,4095.389,46.284
30.1,4104.959,46.331
30.2,4099.027,46.377
30.3,4102.509,46.422
30.4,4117.381,46.45
30.5,4123.785,46.45
30.6,4109.472,46.467
30.7,4069.37,46.509
30.8,4063.525,46.554
30.9,4098.219,46.601
31,4174.972,46.648
31.1,4122.603,46.694
31.2,4070.069,46.727
31.3,4086.073,46.741
31.4,4132.847,46.761
31.5,4140.468,46.789
31.6,4116.899,46.825
31.7,4112.609,46.872
31.8,4083.937,46.91
31.9,4109.824,46.935
32,4140.561,46.957
32.1,4091.574,46.975
32.2,4111.179,47.005
32.3,4124.962,47.05
32.4,4128.642,47.092
32.5,4096.526,47.129
32.6,4118.958,47.152
32.7,4135.656,47.158
32.8,4088.319,47.182
32.9,4122.081,47.23
33,4107.841,47.277
33.1,4121.352,47.323
33.2,4109.197,47.35
33.3,4077.932,47.35
33.4,4098.692,47.37
33.5,4091.643,47.414
33.6,4118.051,47.46
33.7,4121.979,47.506
33.8,4104.366,47.536
33.9,4105.672,47.545
34,4125.16,47.565
34.1,4110.514,47.599
34.2,4095.696,47.638
34.3,4099.801,47.684
34.4,4120.68,47.718
34.5,4108.602,47.738
34.6,4099.887,47.76
34.7,4147.343,47.785
34.8,4126.149,47.819
34.9,4106.562,47.866
35,4141.455,47.905
35.1,4134.964,47.934
35.2,4098.456,47.956
35.3,4086.516,47.969
35.4,4113.379,47.997
35.5,4116.379,48.044
35.6,4102.503,48.09
35.7,4129.242,48.136
35.8,4147.214,48.182
35.9,4153.868,48.226
36,4129.908,48.25
36.1,4079.778,48.25
36.2,4077.407,48.272
36.3,4107.993,48.317
36.4,4100.231,48.362
36.5,4101.521,48.407
36.6,4110.555,48.435
36.7,4114.32,48.445
36.8,4135.596,48.466
36.9,4121.662,48.5
37,4129.729,48.525
37.1,4124.799,48.541
37.2,4096.204,48.563
37.3,4119.162,48.591
37.4,4131.773,48.628
37.5,4141.661,48.674
37.6,4143.66,48.721
37.7,4128.137,48.767
37.8,4103.025,48.805
37.9,4050.48,48.835
38,4100.983,48.856
38.1,4129.673,48.869
38.2,4107.753,48.894
38.3,4139.237,48.931
38.4,4154.388,48.953
38.5,4122.416,48.962
38.6,4107.153,48.989
38.7,4123.196,49.036
38.8,4104.834,49.082
38.9,4118.346,49.127
39,4088.97,49.15
39.1,4090.094,49.15
39.2,4130.54,49.173
39.3,4131.401,49.221
39.4,4126.261,49.245
39.5,4106.842,49.248
39.6,4107.813,49.271
39.7,4118.223,49.312
39.8,4116.229,49.357
39.9,4121.61,49.405
40,4112.034,49.434
40.1,4082.479,49.445
40.2,4104.871,49.467
40.3,4065.313,49.5
40.4,4068.358,49.539
40.5,4108.011,49.585
40.6,4085.243,49.618
40.7,4104.443,49.64
40.8,4147.438,49.662
40.9,4149.466,49.685
41,4132.059,49.721
41.1,4118.851,49.769
41.2,4114.724,49.807
41.3,4117.703,49.836
41.4,4107.576,49.857
41.5,4094.845,49.871
41.6,4102.101,49.897
41.7,4128.921,49.934
41.8,4142.836,49.953
41.9,4117.413,49.96
42,4087.197,49.988
42.1,4128.459,50.035
42.2,4141.837,50.082
42.3,4127.37,50.131
42.4,4115.154,50.178
42.5,4099.311,50.225
42.6,4121.068,50.272
42.7,4119.633,50.319
42.8,4123.329,50.367
42.9,4133.576,50.415
43,4144.089,50.462
43.1,4147.408,50.508
43.2,4135.001,50.554
43.3,4128.878,50.601
43.4,4122.564,50.647
43.5,4140.915,50.693
43.6,4161.256,50.739
43.7,4129.912,50.786
43.8,4120.361,50.818
43.9,4131.346,50.84
44,4261.288,50.862
44.1,4665.968,50.883
44.2,5203.436,50.93
44.3,5846.153,50.995
44.4,6478.382,51.068
44.5,6757.913,51.148
44.6,6696.645,51.202
44.7,6284.675,51.236
44.8,5633.643,51.256
44.9,5022.281,51.266
45,4639.147,51.298
45.1,4359.947,51.345
45.2,4128.528,51.392
45.3,4037.312,51.438
45.4,4005.156,51.486
45.5,3970.427,51.534
45.6,3981.516,51.581
45.7,4009.11,51.628
45.8,4028.709,51.675
45.9,4033.137,51.722
46,4007.477,51.768
46.1,3991.917,51.814
46.2,3971.205,51.838
46.3,3987.851,51.846
46.4,3976.678,51.872
46.5,3953.909,51.909
46.6,3950.287,51.953
46.7,3958.542,52
46.8,3997.707,52.048
46.9,4008.469,52.096
47,3992.291,52.145
47.1,3958.882,52.193
47.2,3990.559,52.24
47.3,4031.078,52.288
47.4,4021.704,52.335
47.5,4009.106,52.382
47.6,4027.51,52.429
47.7,4034.426,52.477
47.8,4014.728,52.524
47.9,4007.87,52.571
48,4006.561,52.619
48.1,4004.677,52.667
48.2,4000.129,52.715
48.3,3975.436,52.763
48.4,3969.077,52.811
48.5,3987.507,52.86
48.6,4004.863,52.909
48.7,4008.044,52.958
48.8,3958.684,53
48.9,3953.397,53.037
49,3984.817,53.055
49.1,3999.972,53.064
49.2,3964.312,53.098
49.3,3956.909,53.146
49.4,3979.764,53.193
49.5,3997.623,53.241
49.6,3992.884,53.288
49.7,3977.562,53.335
49.8,3960.97,53.382
49.9,3941.822,53.43
50,4065.953,53.477
50.1,4511.118,53.522
50.2,5497.232,53.568
50.3,7331.933,53.613
50.4,9069.099,53.659
50.5,9362.642,53.705
50.6,8467.523,53.752
50.7,7329.575,53.799
50.8,6261.993,53.826
50.9,5305.485,53.844
51,4656.684,53.867
51.1,4306.083,53.894
51.2,4102.09,53.935
51.3,3998.779,53.982
51.4,3935.985,54.03
51.5,3907.94,54.079
51.6,3915.711,54.127
51.7,3923.405,54.175
51.8,3934.666,54.223
51.9,3974.406,54.271
52,3997.565,54.308
52.1,3984.653,54.34
52.2,3981.092,54.36
52.3,3984.67,54.373
52.4,3977.018,54.411
52.5,3974.406,54.458
52.6,3961.001,54.506
52.7,3962.746,54.553
52.8,3969.457,54.601
52.9,3956.769,54.65
53,3944.272,54.699
53.1,3958.327,54.747
53.2,3988.5,54.792
53.3,3966.773,54.836
53.4,3927.81,54.851
53.5,3906.534,54.852
53.6,3898.927,54.919
53.7,3868.539,55.012
53.8,3864.335,55.076
53.9,3913.781,55.126
54,3964.34,55.143
54.1,3998.208,55.148
54.2,3995.455,55.179
54.3,3997.099,55.22
54.4,4029.255,55.267
54.5,4016.125,55.316
54.6,3979.238,55.365
54.7,3964.065,55.413
54.8,3966.902,55.435
54.9,3977.063,55.447
55,3979.229,55.474
55.1,3964.882,55.509
55.2,4009.29,55.552
55.3,4010.468,55.6
55.4,3973.302,55.647
55.5,3970.046,55.694
55.6,3982.104,55.722
55.7,3994.569,55.744
55.8,3937.849,55.767
55.9,3870.756,55.791
56,3855.573,55.832
56.1,3850.211,55.879
56.2,3865.478,55.926
56.3,3912.44,55.973
56.4,3946.52,56.021
56.5,3953.29,56.068
56.6,3968.183,56.106
56.7,3978.842,56.141
56.8,3959.466,56.158
56.9,3970.749,56.169
57,3945.605,56.207
57.1,3974.187,56.254
57.2,4006.047,56.301
57.3,4038.928,56.348
57.4,4004.758,56.394
57.5,3967.686,56.438
57.6,3973.667,56.45
57.7,3979.418,56.451
57.8,3991.642,56.487
57.9,4014.465,56.534
58,4006.944,56.581
58.1,4009.196,56.628
58.2,3988.229,56.643
58.3,3953.818,56.649
58.4,3954.648,56.681
58.5,3975.023,56.721
58.6,3993.551,56.766
58.7,3985.26,56.813
58.8,3961.248,56.86
58.9,3970.392,56.907
59,4000.754,56.93
59.1,3966.055,56.946
59.2,3974.209,56.973
59.3,3979.882,57.002
59.4,3955.744,57.045
59.5,3948.6,57.092
59.6,3972.979,57.14
59.7,3937.137,57.187
59.8,3914.855,57.217
59.9,3923.516,57.244
60,3916.059,57.264
60.1,3907.828,57.282
60.2,3902.819,57.323
60.3,3904.927,57.371
60.4,3926.112,57.418
60.5,3950.204,57.465
60.6,3970.813,57.505
60.7,3947.044,57.542
60.8,3940.64,57.557
60.9,3980.828,57.567
61,3968.492,57.607
61.1,3931.098,57.655
61.2,3964.753,57.698
61.3,3954.523,57.741
61.4,4018.996,57.752
61.5,3993.551,57.755
61.6,3971.74,57.795
61.7,3987.722,57.843
61.8,3967.065,57.891
61.9,3970.586,57.938
62,3978.535,57.985
62.1,3988.238,58.032
62.2,3976.453,58.045
62.3,3953.874,58.049
62.4,3934.073,58.083
62.5,3933.312,58.124
62.6,3941.998,58.171
62.7,3932.852,58.219
62.8,3953.187,58.237
62.9,3992.424,58.248
63,4047.422,58.277
63.1,4302.87,58.309
63.2,4565.442,58.353
63.3,4801.205,58.398
63.4,4808.66,58.444
63.5,4621.25,58.49
63.6,4391.56,58.519
63.7,4143.599,58.546
63.8,4037.091,58.565
63.9,4396.246,58.583
64,4921.997,58.625
64.1,5938.52,58.673
64.2,6753.787,58.72
64.3,6986.18,58.768
64.4,6763.243,58.807
64.5,6210.155,58.844
64.6,5503.086,58.855
64.7,4888.922,58.862
64.8,4454.507,58.903
64.9,4190.998,58.95
65,4096.792,58.998
65.1,4053.413,59.046
65.2,3972.172,59.095
65.3,3929.955,59.143
65.4,3914.731,59.15
65.5,3821.375,59.15
65.6,3710.714,59.188
65.7,3619.353,59.232
65.8,3577.261,59.279
65.9,3600.694,59.326
66,3591.462,59.375
66.1,3661.004,59.423
66.2,3618.418,59.438
66.3,3648.597,59.448
66.4,3633.356,59.482
66.5,3593.955,59.52
66.6,3599.379,59.566
66.7,3623.126,59.615
66.8,3658.672,59.663
66.9,3657.245,59.711
67,3578.34,59.731
67.1,3600.028,59.748
67.2,3651.907,59.774
67.3,3690.719,59.802
67.4,3719.147,59.848
67.5,3720.127,59.896
67.6,3699.569,59.923
67.7,3684.44,59.947
67.8,3717.69,59.969
67.9,3777.652,59.991
68,3841.146,60.036
68.1,3915.661,60.084
68.2,4000.131,60.132
68.3,4054.993,60.181
68.4,4054.434,60.228
68.5,4042.206,60.276
68.6,4018.48,60.323
68.7,4075.366,60.371
68.8,4019.297,60.417
68.9,3971.136,60.464
69,4024.837,60.513
69.1,4041.552,60.561
69.2,4010.563,60.608
69.3,3980.598,60.655
69.4,3986.162,60.702
69.5,3984.236,60.749
69.6,3953.848,60.797
69.7,3936.985,60.844
69.8,3946.288,60.893
69.9,3967.186,60.941
70,3986.123,60.988
70.1,3990.585,61.034
70.2,3990.447,61.082
70.3,3954.824,61.129
70.4,3949.357,61.176
70.5,3956.945,61.225
70.6,3994.307,61.272
70.7,3976.289,61.32
70.8,3966.53,61.367
70.9,3980.703,61.414
71,3940.445,61.461
71.1,3889.763,61.508
71.2,3821.227,61.555
71.3,3707.452,61.603
71.4,3620.707,61.651
71.5,3598.24,61.699
71.6,3601.172,61.747
71.7,3609.712,61.796
71.8,3597.11,61.843
71.9,3607.584,61.891
72,3639.821,61.939
72.1,3620.395,61.987
72.2,3659.282,62.034
72.3,3670.78,62.082
72.4,3678.012,62.13
72.5,3726.14,62.178
72.6,3767.038,62.226
72.7,3812.544,62.273
72.8,3902.722,62.32
72.9,4026.87,62.367
73,4054.584,62.415
73.1,4024.996,62.463
73.2,4023.105,62.511
73.3,4018.953,62.558
73.4,4007.434,62.606
73.5,3991.694,62.654
73.6,4033.792,62.701
73.7,4077.848,62.748
73.8,4022.885,62.75
73.9,3970.072,62.75
74,3928.885,62.795
74.1,3853.031,62.841
74.2,3797.565,62.889
74.3,3687.668,62.937
74.4,3579.732,62.986
74.5,3617.38,63.034
74.6,3603.239,63.082
74.7,3582.505,63.129
74.8,3638.11,63.177
74.9,3622.404,63.224
75,3626.483,63.271
75.1,3641.892,63.319
75.2,3707.364,63.367
75.3,3737.81,63.415
75.4,3777.046,63.462
75.5,3805.098,63.51
75.6,3898.14,63.53
75.7,4019.711,63.549
75.8,4067.524,63.575
75.9,4050.587,63.601
76,4037.693,63.67
76.1,4034.469,63.739
76.2,3998.365,63.815
76.3,3991.702,63.89
76.4,4028.022,63.92
76.5,4052.092,63.95
76.6,4004.85,63.965
76.7,3987.335,63.98
76.8,3980.177,64.027
76.9,3945.19,64.074
77,3914.707,64.121
77.1,3909.027,64.169
77.2,3915.73,64.217
77.3,3947.59,64.264
77.4,3963.365,64.31
77.5,3965.041,64.356
77.6,3975.098,64.403
77.7,3981.726,64.449
77.8,3922.236,64.449
77.9,3801.818,64.45
78,3698.852,64.496
78.1,3585.578,64.541
78.2,3546.002,64.588
78.3,3547.156,64.635
78.4,3565.617,64.723
78.5,3609.727,64.808
78.6,3606.656,64.829
78.7,3595.279,64.851
78.8,3606.138,64.886
78.9,3647.342,64.922
79,3649.853,64.97
79.1,3631.551,65.019
79.2,3649.268,65.067
79.3,3682.991,65.116
79.4,3676.389,65.164
79.5,3703.15,65.211
79.6,3751.22,65.231
79.7,3749.512,65.251
79.8,3717.071,65.277
79.9,3716.942,65.304
80,3704.489,65.352
80.1,3661.776,65.4
80.2,3661.12,65.448
80.3,3664.193,65.496
80.4,3663.598,65.544
80.5,3651.137,65.592
80.6,3655.384,65.64
80.7,3702.956,65.687
80.8,3655.208,65.719
80.9,3676.875,65.75
81,3688.261,65.764
81.1,3707.061,65.781
81.2,3735.476,65.829
81.3,3731.803,65.876
81.4,3736.806,65.924
81.5,3821.276,65.973
81.6,3892.052,66.02
81.7,4001.663,66.067
81.8,4043.042,66.11
81.9,4048.002,66.15
82,4042.103,66.153
82.1,4039.197,66.163
82.2,4018.256,66.257
82.3,4008.904,66.347
82.4,4055.427,66.396
82.5,4048.559,66.442
82.6,4038.114,66.446
82.7,4013.025,66.453
82.8,3989.162,66.495
82.9,4023.734,66.537
83,3972.24,66.584
83.1,3958.598,66.632
83.2,3988.52,66.679
83.3,4002.796,66.724
83.4,3968.383,66.738
83.5,3980.764,66.753
83.6,3985.32,66.784
83.7,3988.629,66.816
83.8,3975.799,66.863
83.9,3950.956,66.91
84,3935.354,66.959
84.1,3926.07,67.005
84.2,3916.356,67.028
84.3,3924.894,67.052
84.4,3940.485,67.074
84.5,3938.261,67.098
84.6,3940.041,67.145
84.7,3965.398,67.193
84.8,4084.354,67.239
84.9,4021.731,67.286
85,3998.382,67.335
85.1,4035.939,67.383
85.2,3942.308,67.43
85.3,3862.921,67.476
85.4,3795.861,67.515
85.5,3685.08,67.55
85.6,3695.215,67.556
85.7,3974.45,67.568
85.8,4201.079,67.615
85.9,4024.016,67.663
86,3965.12,67.711
86.1,3985.354,67.758
86.2,4012.435,67.806
86.3,4013.249,67.848
86.4,3994.619,67.849
86.5,3995.33,67.856
86.6,4014.771,67.9
86.7,4027.846,67.945
86.8,4008.801,67.992
86.9,3962.071,68.038
87,3957.016,68.086
87.1,3970.882,68.129
87.2,3952.344,68.14
87.3,3942.918,68.155
87.4,3945.465,68.188
87.5,3965.924,68.223
87.6,3998.569,68.271
87.7,3982.923,68.319
87.8,3946.464,68.367
87.9,3965.043,68.415
88,3951.138,68.464
88.1,3918.728,68.508
88.2,3908.739,68.531
88.3,3918.814,68.553
88.4,3917.086,68.575
88.5,3903.736,68.601
88.6,3866.806,68.648
88.7,3808.833,68.696
88.8,3756.185,68.744
88.9,3698.525,68.791
89,3649.627,68.839
89.1,3630.341,68.884
89.2,3593.97,68.92
89.3,3585.728,68.951
89.4,3606.237,68.961
89.5,3633.421,68.976
89.6,3635.29,69.023
89.7,3678.826,69.07
89.8,3692.628,69.118
89.9,3735.837,69.165
90,3731.496,69.214
90.1,3733.667,69.262
90.2,3711.26,69.31
90.3,3700.539,69.349
90.4,3901.293,69.349
90.5,4252.259,69.358
90.6,4451.552,69.4
90.7,4460.967,69.443
90.8,4487.044,69.49
90.9,4505.539,69.537
91,4521.251,69.582
91.1,4614.807,69.622
91.2,4653.92,69.637
91.3,4572.728,69.655
91.4,4564.089,69.684
91.5,4548.185,69.716
91.6,4456.763,69.763
91.7,4417.349,69.806
91.8,4412.148,69.831
91.9,4428.198,69.853
92,4424.018,69.869
92.1,4439.88,69.891
92.2,4438.372,69.939
92.3,4463.722,69.986
92.4,4498.591,70.033
92.5,4525.194,70.08
92.6,4577.03,70.128
92.7,4671.04,70.174
92.8,4787.967,70.216
92.9,4832.053,70.25
93,5023.837,70.254
93.1,5551.376,70.268
93.2,6772.518,70.318
93.3,8774.649,70.377
93.4,10564.549,70.468
93.5,11716.253,70.549
93.6,12162.122,70.599
93.7,12160.803,70.648
93.8,11639.034,70.695
93.9,10715.056,70.741
94,10087.854,70.787
94.1,9870.912,70.834
94.2,9794.771,70.881
94.3,9639.882,70.921
94.4,9243.256,70.937
94.5,8661.001,70.956
94.6,8137.098,70.984
94.7,7696.21,71.016
94.8,7279.89,71.063
94.9,7054.411,71.11
95,6980.16,71.157
95.1,7001.382,71.204
95.2,7034.962,71.25
95.3,7106.526,71.297
95.4,7202.697,71.344
95.5,7240.844,71.391
95.6,7306.498,71.438
95.7,7345.888,71.485
95.8,7371.136,71.531
95.9,7418.579,71.578
96,7451.924,71.624
96.1,7455.84,71.67
96.2,7452.35,71.716
96.3,7419.976,71.763
96.4,7366.101,71.812
96.5,7329.848,71.859
96.6,7312.296,71.906
96.7,7319.983,71.953
96.8,7307.334,72
96.9,7269.014,72.047
97,7268.087,72.093
97.1,7301.385,72.14
97.2,7322.416,72.187
97.3,7324.806,72.233
97.4,7286.991,72.281
97.5,7269.222,72.336
97.6,7268.646,72.412
97.7,7272.953,72.486
97.8,7267.133,72.553
97.9,7247.104,72.615
98,7235.125,72.662
98.1,7256.85,72.715
98.2,7284.511,72.782
98.3,7272.029,72.851
98.4,7129.532,72.928
98.5,6423.237,72.995
98.6,4946.554,73.04
98.7,3704.413,73.086
98.8,3451.445,73.132
98.9,3794.976,73.179
99,4035.501,73.226
99.1,3752.875,73.273
99.2,3925.339,73.32
99.3,4012.828,73.367
99.4,4078.74,73.413
99.5,4116.141,73.474
99.6,4186.205,73.565
99.7,4217.528,73.644
99.8,4186.532,73.697
99.9,4245.876,73.748
100,4327.821,73.795
100.1,4385.005,73.843
100.2,4342.041,73.89
100.3,4307.333,73.938
100.4,4340.051,73.985
100.5,4435.6,74.031
100.6,4433.579,74.078
100.7,4346.928,74.124
100.8,4335.692,74.171
100.9,4317.236,74.218
101,4355.432,74.264
101.1,4459.1,74.31
101.2,4499.614,74.355
101.3,4500.781,74.4
101.4,4493.171,74.445
101.5,4404.956,74.49
101.6,4375.286,74.535
101.7,4319.828,74.58
101.8,4341.783,74.627
101.9,4357.579,74.674
102,4430.79,74.722
102.1,4525.225,74.768
102.2,4569.663,74.814
102.3,4662.916,74.845
102.4,4786.372,74.848
102.5,4856.095,74.864
102.6,4894.993,74.904
102.7,4822.709,74.933
102.8,4876.307,74.943
102.9,4952.202,74.962
103,4956.468,74.996
103.1,4821.183,75.034
103.2,4828.286,75.081
103.3,4863.249,75.118
103.4,4877.39,75.137
103.5,4819.228,75.158
103.6,4783.338,75.182
103.7,4951.843,75.206
103.8,5098.694,75.233
103.9,5025.41,75.256
104,4899.311,75.274
104.1,4872.845,75.298
104.2,4958.372,75.33
104.3,5074.093,75.35
104.4,5087.476,75.35
104.5,4951.007,75.353
104.6,4759.324,75.363
104.7,4675.465,75.384
104.8,4798.287,75.425
104.9,4935.617,75.45
105,4825.344,75.45
105.1,4618.916,75.45
105.2,4668.297,75.45
105.3,4738.263,75.467
105.4,4698.316,75.514
105.5,4590.81,75.544
105.6,4576.235,75.548
105.7,4597.674,75.55
105.8,4598.143,75.55
105.9,4543.001,75.565
106,4510.944,75.604
106.1,4458.21,75.632
106.2,4393.531,75.643
106.3,4403.29,75.649
106.4,4461.835,75.649
106.5,4437.121,75.66
106.6,4402.606,75.688
106.7,4414.728,75.713
106.8,4413.739,75.736
106.9,4466.735,75.749
107,4382.534,75.749
107.1,4305.855,75.756
107.2,4345.411,75.772
107.3,4365.694,75.795
107.4,4421.205,75.829
107.5,4473.277,75.849
107.6,4481.606,75.849
107.7,4478.641,75.849
107.8,4464.042,75.849
107.9,4469.804,75.852
108,4460.559,75.859
108.1,4440.572,75.881
108.2,4458.874,75.924
108.3,4503.205,75.95
108.4,4556.923,75.95
108.5,4591.274,75.95
108.6,4568.144,75.95
108.7,4505.743,75.95
108.8,4526.662,75.95
108.9,4609.019,75.966
109,4602.273,76.004
109.1,4553.994,76.03
109.2,4490.99,76.043
109.3,4283.427,76.05
109.4,4194.739,76.05
109.5,4498.181,76.05
109.6,4801.046,76.05
109.7,4874.673,76.05
109.8,4932.75,76.05
109.9,5210.498,76.059
110,5362.48,76.079
110.1,5423.687,76.103
110.2,5377.397,76.133
110.3,5136.088,76.15
110.4,4884.893,76.15
110.5,4833.669,76.15
110.6,4965.01,76.15
110.7,5093.515,76.152
110.8,5110.965,76.158
110.9,4906.501,76.182
111,4734.764,76.226
111.1,4815.548,76.25
111.2,4898.31,76.25
111.3,4873.217,76.25
111.4,4733.917,76.25
111.5,4657.715,76.25
111.6,4668.383,76.25
111.7,4631.733,76.268
111.8,4628.879,76.306
111.9,4725.274,76.331
112,4760.452,76.343
112.1,4717.817,76.363
112.2,4682.63,76.392
112.3,4746.483,76.418
112.4,4889.236,76.439
112.5,5008.269,76.45
112.6,5108.777,76.45
112.7,5406.812,76.458
112.8,5758.857,76.476
112.9,5598.32,76.5
113,5354.984,76.533
113.1,5447.842,76.555
113.2,5532.415,76.566
113.3,5485.722,76.59
113.4,5322.157,76.63
113.5,5258.57,76.65
113.6,5316.32,76.65
113.7,5380,76.65
113.8,5410.046,76.651
113.9,5404.989,76.675
114,5283.3,76.722
114.1,5069.789,76.747
114.2,4931.065,76.749
114.3,4912.691,76.771
114.4,5014.127,76.813
114.5,5258.37,76.838
114.6,5388.712,76.846
114.7,5207.1,76.85
114.8,5040.742,76.85
114.9,5056.471,76.865
115,5105.367,76.894
115.1,5223.729,76.919
115.2,5499.874,76.94
115.3,5544.95,76.95
115.4,5561.182,76.95
115.5,5879.979,76.95
115.6,6278.307,76.95
115.7,6565.012,76.957
115.8,6702.261,76.971
115.9,6893.83,76.996
116,7074.92,77.032
116.1,7180.852,77.052
116.2,7287.352,77.058
116.3,7372.632,77.084
116.4,7395.058,77.129
116.5,7398.978,77.149
116.6,7485.108,77.149
116.7,7609.752,77.149
116.8,7630.242,77.149
116.9,7721.32,77.172
117,7794.814,77.214
117.1,7818.626,77.238
117.2,7885.23,77.246
117.3,7902.853,77.249
117.4,7914.909,77.249
117.5,7927.378,77.266
117.6,7945.916,77.296
117.7,7952.845,77.335
117.8,7889.382,77.382
117.9,7844.757,77.416
118,7877.229,77.439
118.1,7916.837,77.46
118.2,7982.094,77.479
118.3,8073.784,77.504
118.4,8218.353,77.536
118.5,8359.064,77.556
118.6,8377.546,77.569
118.7,8366.337,77.595
118.8,8348.078,77.633
118.9,8389.15,77.653
119,8399.483,77.659
119.1,8321.111,77.687
119.2,8178.962,77.73
119.3,8056.577,77.75
119.4,8113.725,77.75
119.5,8157.843,77.775
119.6,8077.356,77.819
119.7,7905.917,77.865
119.8,7730.817,77.912
119.9,7610.563,77.937
120,7542.719,77.946
120.1,7515.941,77.969
120.2,7492.83,78.001
120.3,7572.101,78.025
120.4,7731.872,78.042
120.5,7756.78,78.065
120.6,7720.869,78.09
120.7,7816.567,78.115
120.8,8005.702,78.14
120.9,8300.476,78.162
121,8450.202,78.182
121.1,8442.511,78.208
121.2,8501.604,78.238
121.3,8546.894,78.257
121.4,8523.816,78.27
121.5,8538.592,78.297
121.6,8509.844,78.335
121.7,8489.814,78.353
121.8,8370.583,78.357
121.9,8346.127,78.386
122,8485.43,78.431
122.1,8644.677,78.449
122.2,8811.832,78.449
122.3,8928.785,78.475
122.4,8963.046,78.517
122.5,8955.976,78.539
122.6,8898.888,78.546
122.7,8859.871,78.572
122.8,8873.236,78.608
122.9,8874.205,78.631
123,8822.393,78.644
123.1,8711.582,78.649
123.2,8779.227,78.649
123.3,8976.134,78.667
123.4,9112.266,78.696
123.5,9120.737,78.737
123.6,9080.454,78.784
123.7,8990.245,78.817
123.8,8934.287,78.841
123.9,8874.549,78.862
124,8853.519,78.882
124.1,8809.027,78.909
124.2,8684.841,78.939
124.3,8665.433,78.957
124.4,8808.707,78.97
124.5,8876.504,78.998
124.6,8975.566,79.036
124.7,9165.313,79.053
124.8,9238.597,79.059
124.9,9266.432,79.089
125,9358.859,79.134
125.1,9391.207,79.15
125.2,9394.74,79.15
125.3,9368.444,79.177
125.4,9239.875,79.221
125.5,9249.234,79.267
125.6,9373.141,79.314
125.7,9374.87,79.337
125.8,9267.953,79.347
125.9,9211.411,79.371
126,9106.181,79.404
126.1,8962.203,79.426
126.2,8864.52,79.444
126.3,8791.867,79.466
126.4,8712.64,79.49
126.5,8643.018,79.515
126.6,8686.36,79.541
126.7,8869.462,79.56
126.8,9157.68,79.576
126.9,9382.461,79.613
127,9440.63,79.66
127.1,9450.773,79.7
127.2,9461.717,79.738
127.3,9383.988,79.753
127.4,9261.985,79.758
127.5,9190.677,79.79
127.6,9031.8,79.835
127.7,8971.105,79.849
127.8,9007.854,79.849
127.9,8779.45,79.849
128,8395.985,79.849
128.1,8150.053,79.878
128.2,7923.91,79.92
128.3,7588.919,79.939
128.4,7175.604,79.947
128.5,6847.644,79.973
128.6,6812.293,80.007
128.7,7157.792,80.028
128.8,7592.706,80.044
128.9,7527.413,80.068
129,7346.645,80.096
129.1,7602.551,80.12
129.2,7829.831,80.143
129.3,7531.303,80.164
129.4,7137.204,80.184
129.5,7001.468,80.211
129.6,7126.072,80.241
129.7,8057.634,80.25
129.8,9349.511,80.25
129.9,10853.223,80.254
130,11811.108,80.259
130.1,11688.781,80.293
130.2,10969.118,80.337
130.3,10292.949,80.35
130.4,9821.353,80.35
130.5,9303.744,80.383
130.6,8648.786,80.43
130.7,7977.061,80.446
130.8,7272.154,80.449
130.9,6557.791,80.478
131,6188.553,80.517
131.1,7003.046,80.536
131.2,9128.4,80.547
131.3,11180.446,80.55
131.4,11356.353,80.55
131.5,11276.224,80.572
131.6,11670.669,80.602
131.7,12153.439,80.624
131.8,12404.074,80.644
131.9,12507.828,80.65
132,12567.164,80.65
132.1,12525.925,80.666
132.2,12469.26,80.688
132.3,12354.076,80.715
132.4,12199.837,80.743
132.5,12044.024,80.75
132.6,11952.379,80.75
132.7,11862.074,80.75
132.8,11807.921,80.75
132.9,11727.356,80.75
133,11673.591,80.75
133.1,10962.299,80.75
133.2,9441.879,80.75
133.3,8803.816,80.75
133.4,8839.652,80.75
133.5,8991.538,80.75
133.6,9176.789,80.75
133.7,9297.783,80.75
133.8,9441.41,80.75
133.9,9413.506,80.75
134,9328.747,80.75
134.1,9212.979,80.75
134.2,9051.163,80.75
134.3,9028.047,80.75
134.4,8989.449,80.75
134.5,8889.702,80.75
134.6,8798.733,80.75
134.7,8700.275,80.727
134.8,8597.103,80.697
134.9,8529.807,80.675
135,8467.824,80.654
135.1,8395.938,80.65
135.2,8361.461,80.65
135.3,8382.253,80.65
135.4,8422.102,80.65
135.5,8333.546,80.65
135.6,8173.556,80.65
135.7,8183.476,80.65
135.8,8075.278,80.65
135.9,8068.659,80.65
136,7941.519,80.65
136.1,7997.176,80.65
136.2,8138.216,80.65
136.3,8194.043,80.65
136.4,8211.882,80.65
136.5,8172.926,80.615
136.6,8165.683,80.571
136.7,8159.591,80.557
136.8,8119.872,80.551
136.9,8096.489,80.55
137,8039.023,80.55
137.1,7967.932,80.55
137.2,8082.133,80.55
137.3,8306.669,80.526
137.4,8392.074,80.496
137.5,8496.133,80.474
137.6,8595.713,80.453
137.7,8526.478,80.45
137.8,8545.228,80.45
137.9,8530.045,80.434
138,8427.543,80.415
138.1,8521.296,80.386
138.2,8651.84,80.356
138.3,8669.265,80.34
138.4,8640.71,80.327
138.5,8596.551,80.286
138.6,8537.403,80.239
138.7,8494.542,80.198
138.8,8421.494,80.157
138.9,8346.191,80.147
139,8162.436,80.144
139.1,7999.454,80.104
139.2,8202.944,80.058
139.3,8451.274,80.05
139.4,8412.61,80.05
139.5,8369.487,80.015
139.6,8312.992,79.973
139.7,8310.927,79.928
139.8,8224.349,79.883
139.9,8055.708,79.864
140,7869.796,79.851
140.1,7529.347,79.823
140.2,7017.092,79.792
140.3,6456.732,79.772
140.4,5842.018,79.753
140.5,5249.301,79.728
140.6,4816.208,79.701
140.7,4722.734,79.677
140.8,5054.928,79.653
140.9,5262.013,79.632
141,5100.972,79.611
141.1,5112.899,79.583
141.2,5044.107,79.554
141.3,4872.557,79.537
141.4,4819.907,79.522
141.5,5371.447,79.49
141.6,6147.389,79.455
141.7,6544.9,79.441
141.8,6195.744,79.431
141.9,5605.696,79.395
142,5597.568,79.355
142.1,6235.979,79.347
142.2,6509.679,79.343
142.3,5949.764,79.303
142.4,5788.035,79.258
142.5,6210.901,79.251
142.6,6818.52,79.25
142.7,6259.438,79.25
142.8,6413.009,79.25
142.9,6664.522,79.218
143,6885.319,79.181
143.1,7156.163,79.165
143.2,7366.928,79.151
143.3,7683.497,79.123
143.4,7633.156,79.093
143.5,7564.119,79.048
143.6,7199.326,79.001
143.7,7162.686,78.975
143.8,7128.025,78.952
143.9,6926.36,78.93
144,6749.546,78.908
144.1,6557.226,78.864
144.2,6387.743,78.818
144.3,6182.385,78.77
144.4,6031.307,78.723
144.5,5885.708,78.687
144.6,5716.361,78.653
144.7,5635.319,78.641
144.8,5702.886,78.632
144.9,6008.464,78.59
145,5979.021,78.544
145.1,5510.006,78.499
145.2,5641.128,78.454
145.3,6053.827,78.45
145.4,6487.511,78.449
145.5,5963.898,78.41
145.6,5535.112,78.367
145.7,5763.005,78.32
145.8,5743.822,78.273
145.9,5493.704,78.227
146,5408.514,78.18
146.1,5429.91,78.164
146.2,5553.233,78.151
146.3,5478.935,78.123
146.4,5277.996,78.094
146.5,5193.744,78.073
146.6,5257.477,78.052
146.7,5311.096,78.029
146.8,5255.316,78.007
146.9,5154.914,77.961
147,5104.322,77.914
147.1,5070.878,77.883
147.2,5027.435,77.852
147.3,5083.096,77.838
147.4,5237.217,77.825
147.5,5391.106,77.789
147.6,4953.558,77.752
147.7,4851.919,77.744
147.8,4818.565,77.738
147.9,4865.016,77.696
148,4749.515,77.652
148.1,4696.695,77.606
148.2,4610.78,77.56
148.3,4677.549,77.554
148.4,4915.108,77.55
148.5,5001.932,77.509
148.6,5161.221,77.467
148.7,5441.956,77.457
148.8,5738.25,77.45
148.9,5929.077,77.417
149,6303.099,77.383
149.1,6597.23,77.366
149.2,6800.929,77.35
149.3,7115.924,77.324
149.4,7422.709,77.296
149.5,7765.265,77.25
149.6,8088.082,77.203
149.7,8347.914,77.156
149.8,8560.828,77.11
149.9,8716.562,77.063
150,8932.979,77.017
150.1,8412.542,76.984
150.2,6860.721,76.951
150.3,6730.889,76.943
150.4,6711.457,76.937
150.5,6791.176,76.894
150.6,6804.819,76.851
150.7,6891.625,76.85
150.8,7019.336,76.85
150.9,7048.864,76.805
151,7118.495,76.759
151.1,7246.06,76.711
151.2,7388.689,76.664
151.3,7472.822,76.617
151.4,7587.256,76.571
151.5,7707.762,76.56
151.6,7814.496,76.55
151.7,7972.152,76.518
151.8,8142.877,76.485
151.9,8194.797,76.467
152,8256.365,76.45
152.1,8336.499,76.426
152.2,8349.179,76.401
152.3,8348.533,76.376
152.4,8235.492,76.35
152.5,7877.455,76.333
152.6,7816.421,76.317
152.7,7851.451,76.283
152.8,7690.898,76.25
152.9,7517.568,76.24
153,7375.475,76.23
153.1,7229.66,76.19
153.2,7094.212,76.15
153.3,6931.679,76.147
153.4,6742.414,76.143
153.5,6624.21,76.097
153.6,6547.952,76.051
153.7,6501.953,76.05
153.8,6507.614,76.05
153.9,6487.993,76.05
154,6599.393,76.049
154.1,6578.078,76.01
154.2,6567.633,75.972
154.3,6150.419,75.961
154.4,5731.957,75.949
154.5,5875.142,75.914
154.6,5852.338,75.88
154.7,5575.568,75.865
154.8,5425.427,75.849
154.9,5289.44,75.849
155,5079.595,75.849
155.1,4899.964,75.823
155.2,4730.083,75.796
155.3,4574.396,75.749
155.4,4446.362,75.703
155.5,4320.606,75.676
155.6,4807.94,75.649
155.7,4561.785,75.634
155.8,4465.007,75.617
155.9,4524.427,75.57
156,4340.058,75.524
156.1,4256.695,75.486
156.2,4151.572,75.45
156.3,4173.837,75.448
156.4,4299.15,75.444
156.5,4394.042,75.398
156.6,4443.873,75.352
156.7,4449.01,75.304
156.8,4481.555,75.256
156.9,4574.524,75.208
157,4582.945,75.163
157.1,4504.03,75.156
157.2,4480.141,75.148
157.3,4583.903,75.109
157.4,4594.648,75.068
157.5,4712.932,74.985
157.6,4748.944,74.903
157.7,4817.136,74.842
157.8,4917.191,74.783
157.9,5085.322,74.766
158,5223.029,74.748
158.1,5334.153,74.722
158.2,5593.722,74.694
158.3,5813.418,74.647
158.4,5991.259,74.601
158.5,6269.453,74.554
158.6,6462.243,74.506
158.7,6628.1,74.46
158.8,6820.477,74.413
158.9,6984.527,74.366
159,7138.687,74.32
159.1,7274.878,74.283
159.2,7365.938,74.249
159.3,7572.81,74.24
159.4,7694.035,74.228
159.5,7509.805,74.18
159.6,7545.871,74.133
159.7,7268.792,74.089
159.8,6919.352,74.05
159.9,7210.682,74.048
160,7078.621,74.042
160.1,7003.402,73.995
160.2,6894.595,73.949
160.3,6812.607,73.902
160.4,6722.732,73.86
160.5,6712.363,73.855
160.6,6846.662,73.846
160.7,6821.687,73.809
160.8,6779.146,73.775
160.9,6765.85,73.762
161,6750.224,73.75
161.1,6743.121,73.75
161.2,6744.641,73.747
161.3,6739.594,73.721
161.4,6681.689,73.696
161.5,6578.852,73.671
161.6,6404.407,73.65
161.7,6253.231,73.65
161.8,6326.593,73.648
161.9,6204.413,73.631
162,5958.193,73.612
162.1,5883.284,73.579
162.2,5412.797,73.55
162.3,4989.684,73.55
162.4,5026.145,73.548
162.5,5820.224,73.539
162.6,6661.789,73.525
162.7,7131.746,73.484
162.8,6905.022,73.45
162.9,6502.366,73.45
163,6073.134,73.449
163.1,6128.74,73.446
163.2,6069.786,73.437
163.3,5839,73.39
163.4,5678.713,73.35
163.5,5546.799,73.35
163.6,5445.298,73.35
163.7,5421.282,73.35
163.8,5465.929,73.35
163.9,5484.572,73.35
164,5332.6,73.35
164.1,5105.549,73.35
164.2,5043.989,73.35
164.3,5046.041,73.35
164.4,5065.521,73.35
164.5,5018.817,73.35
164.6,4976.781,73.35
164.7,4925.796,73.35
164.8,4823.208,73.354
164.9,4771.707,73.38
165,4718.149,73.407
165.1,4641.808,73.43
165.2,4576.334,73.45
165.3,4484.246,73.45
165.4,4363.457,73.45
165.5,4320.662,73.45
165.6,4276.797,73.45
165.7,4214.108,73.45
165.8,4137.475,73.45
165.9,4096.995,73.45
166,4079.81,73.452
166.1,4048.662,73.463
166.2,4002.259,73.48
166.3,3926.125,73.518
166.4,3923.899,73.55
166.5,3984.43,73.55
166.6,4048.028,73.55
166.7,4064.709,73.554
166.8,3982.014,73.566
166.9,3998.302,73.612
167,4019.563,73.65
167.1,4026.045,73.65
167.2,4008.403,73.658
167.3,3993.98,73.702
167.4,4001.803,73.739
167.5,4005.8,73.745
167.6,3985.642,73.75
167.7,3983.966,73.75
167.8,4001.76,73.757
167.9,3982.719,73.794
168,3969.266,73.834
168.1,3986.966,73.881
168.2,3997.071,73.922
168.3,3986.093,73.938
168.4,3985.569,73.956
168.5,3982.943,73.985
168.6,3961.061,74.012
168.7,3978.153,74.033
168.8,3974.278,74.055
168.9,3964.684,74.079
169,3969.18,74.109
169.1,3980.501,74.155
169.2,4016.967,74.198
169.3,4018.252,74.227
169.4,3982.509,74.253
169.5,3932.59,74.267
169.6,3905.963,74.286
169.7,3914.449,74.322
169.8,3922.399,74.352
169.9,3954.534,74.362
170,3991.889,74.38
170.1,3975.589,74.428
170.2,3936.213,74.475
170.3,3935.081,74.517
170.4,3960.67,74.55
170.5,3983.639,74.553
170.6,3970.71,74.567
170.7,3926.877,74.614
170.8,3927.393,74.662
170.9,3952.804,74.71
171,3956.5,74.747
171.1,3906.223,74.749
171.2,3870.226,74.77
171.3,3845.458,74.854
171.4,3802.261,74.92
171.5,3740.26,74.937
171.6,3685.19,74.959
171.7,3638.985,74.995
171.8,3616.043,75.034
171.9,3670.501,75.083
172,3699.32,75.131
172.1,3706.464,75.179
172.2,3765.825,75.227
172.3,3885.048,75.274
172.4,4015.57,75.315
172.5,4040.757,75.335
172.6,3988.04,75.357
172.7,4000.213,75.382
172.8,4017.637,75.413
172.9,4033.253,75.461
173,4034.91,75.509
173.1,4021.168,75.557
173.2,4024.538,75.604
173.3,4030.874,75.652
173.4,4010.047,75.7
173.5,3999.018,75.747
173.6,4002.001,75.795
173.7,3986.244,75.843
173.8,3969.937,75.891
173.9,3964.908,75.938
174,3944.913,75.985
174.1,3924.763,76.033
174.2,3924.967,76.081
174.3,3935.392,76.129
174.4,3941.362,76.178
174.5,3932.818,76.225
174.6,3920.665,76.273
174.7,3893.964,76.321
174.8,3891.906,76.369
174.9,3860.501,76.417
175,3826.159,76.465
175.1,3768.112,76.513
175.2,3702.694,76.56
175.3,3653.674,76.608
175.4,3615.205,76.657
175.5,3608.263,76.705
175.6,3628.013,76.753
175.7,3679.606,76.801
175.8,3703.771,76.849
175.9,3708.698,76.897
176,3722.438,76.934
176.1,3721.06,76.943
176.2,3729.044,76.961
176.3,3754.966,76.997
176.4,3783.478,77.037
176.5,3858.881,77.085
176.6,3943.159,77.133
176.7,4012.033,77.18
176.8,4057.37,77.226
176.9,4045.386,77.274
177,4029.389,77.321
177.1,4021.721,77.368
177.2,4018.525,77.416
177.3,4010.348,77.464
177.4,4018.585,77.512
177.5,4035.269,77.559
177.6,4009.559,77.606
177.7,4000.634,77.652
177.8,4015.527,77.699
177.9,3997.531,77.746
178,3982.99,77.794
178.1,4006.441,77.842
178.2,4028.946,77.89
178.3,4005.435,77.938
178.4,3980.273,77.984
178.5,3991.285,78.029
178.6,3979.702,78.074
178.7,3960.831,78.122
178.8,3970.115,78.169
178.9,3964.313,78.216
179,3955.275,78.247
179.1,3937.9,78.249
179.2,3919.278,78.265
179.3,3900.893,78.308
179.4,3867.872,78.353
179.5,3810.647,78.401
179.6,3736.632,78.448
179.7,3699.677,78.496
179.8,3680.816,78.544
179.9,3661.139,78.592
180,3684.779,78.64
180.1,3695.619,78.687
180.2,3691.209,78.735
180.3,3678.521,78.782
180.4,3672.701,78.83
180.5,3711.733,78.877
180.6,3747.049,78.924
180.7,3771.475,78.971
180.8,3789.195,79.018
180.9,3791.98,79.066
181,3815.731,79.107
181.1,3876.232,79.133
181.2,3946.378,79.157
181.3,4013.907,79.177
181.4,4046.959,79.208
181.5,4036.554,79.254
181.6,4019.511,79.301
181.7,4003.733,79.348
181.8,3999.66,79.396
181.9,4024.841,79.444
182,4207.182,79.488
182.1,4602.568,79.526
182.2,5152.389,79.552
182.3,6002.017,79.558
182.4,6654.285,79.58
182.5,6833.543,79.627
182.6,6901.214,79.674
182.7,7048.254,79.719
182.8,7189.319,79.766
182.9,7154.418,79.813
183,7002.221,79.859
183.1,7039.442,79.905
183.2,7454.129,79.951
183.3,8062.27,79.998
183.4,8492.516,80.045
183.5,8628.419,80.091
183.6,8580.263,80.137
183.7,8461.322,80.184
183.8,8351.583,80.219
183.9,8310.012,80.238
184,8283.765,80.259
184.1,8266.727,80.284
184.2,8289.043,80.318
184.3,8552.451,80.364
184.4,9058.182,80.411
184.5,8934.605,80.457
184.6,8094.457,80.503
184.7,7514.763,80.549
184.8,7318.294,80.596
184.9,7259.841,80.641
185,7059.736,80.688
185.1,6854.886,80.735
185.2,6802.747,80.781
185.3,6815.955,80.825
185.4,6703.148,80.87
185.5,6844.261,80.918
185.6,7231.046,80.966
185.7,7663.923,81.014
185.8,8291.128,81.062
185.9,8906.529,81.109
186,9469.477,81.156
186.1,10117.751,81.203
186.2,10622.261,81.265
186.3,10723.654,81.347
186.4,10283.447,81.421
186.5,9964.664,81.482
186.6,9837.696,81.55
186.7,9519.933,81.627
186.8,9117.346,81.699
186.9,8726.202,81.766
187,8416.047,81.824
187.1,8129.783,81.871
187.2,7799.869,81.919
187.3,7448.679,81.966
187.4,7171.405,82.014
187.5,6920.723,82.061
187.6,6660.732,82.109
187.7,6394.792,82.157
187.8,6150.553,82.204
187.9,5931.344,82.251
188,5742.442,82.297
188.1,5599.737,82.344
188.2,5578.547,82.388
188.3,5791.738,82.428
188.4,6040.058,82.45
188.5,5772.506,82.451
188.6,5439.083,82.474
188.7,5679.315,82.522
188.8,6171.412,82.547
188.9,6309.744,82.549
189,5934.652,82.569
189.1,5766.852,82.609
189.2,6060.459,82.634
189.3,6255.423,82.645
189.4,6189.116,82.65
189.5,6413.362,82.65
189.6,6753.838,82.65
189.7,6991.866,82.65
189.8,7248.6,82.639
189.9,7621.665,82.618
190,8133.099,82.593
190.1,8674.884,82.564
190.2,9262,82.544
190.3,9919.512,82.531
190.4,10517.815,82.501
190.5,11019.626,82.455
190.6,11514.988,82.411
190.7,11963.18,82.37
190.8,12216.342,82.35
190.9,12261.203,82.35
191,12300.76,82.327
191.1,12091.433,82.281
191.2,11370.685,82.234
191.3,10743.92,82.185
191.4,10476.418,82.138
191.5,10262.342,82.091
191.6,9960.297,82.044
191.7,9610.775,81.996
191.8,9260.182,81.949
191.9,8903.633,81.902
192,8549.413,81.872
192.1,8309.464,81.857
192.2,8266.49,81.835
192.3,8671.867,81.806
192.4,9073.47,81.768
192.5,8771.387,81.72
192.6,8202.263,81.673
192.7,7826.559,81.626
192.8,7723.83,81.59
192.9,7794.623,81.562
193,7807.027,81.55
193.1,7729.091,81.55
193.2,7617.614,81.544
193.3,7455.165,81.535
193.4,7279.164,81.508
193.5,7205.442,81.468
193.6,7256.396,81.449
193.7,7231.63,81.449
193.8,7204.316,81.449
193.9,7379.543,81.449
194,7538.373,81.426
194.1,7918.502,81.383
194.2,8458.738,81.339
194.3,8849.42,81.293
194.4,9264.633,81.266
194.5,9744.576,81.254
194.6,10072.193,81.234
194.7,10295.145,81.206
194.8,10697.677,81.181
194.9,11309.425,81.159
195,11896.803,81.139
195.1,12062.601,81.119
195.2,11242.072,81.085
195.3,11976.672,81.04
195.4,13364.926,81
195.5,13600.373,80.965
195.6,13546.812,80.946
195.7,13037.263,80.939
195.8,12221.843,80.909
195.9,11968.322,80.862
196,12683.992,80.816
196.1,13420.271,80.77
196.2,12927.896,80.75
196.3,11695.005,80.75
196.4,10558.326,80.724
196.5,9680.392,80.679
196.6,8959.332,80.633
196.7,8290.01,80.586
196.8,7691.917,80.539
196.9,7065.141,80.492
197,6456.214,80.466
197.1,5852.234,80.454
197.2,5228.567,80.429
197.3,5144.007,80.395
197.4,5655.985,80.352
197.5,6586.274,80.305
197.6,7659.592,80.275
197.7,8223.162,80.257
197.8,8100.831,80.233
197.9,7805.16,80.207
198,7635.469,80.167
198.1,7442.395,80.12
198.2,7201.311,80.085
198.3,7016.146,80.06
198.4,6926.874,80.038
198.5,7107.611,80.02
198.6,7650.649,79.993
198.7,7416.294,79.962
198.8,7015.944,79.949
198.9,6903.552,79.949
199,6839.187,79.945
199.1,6972.752,79.937
199.2,7338.238,79.909
199.3,7391.14,79.866
199.4,7502.991,79.849
199.5,7747.853,79.848
199.6,7947.175,79.818
199.7,8079.365,79.771
199.8,8300.596,79.752
199.9,8527.122,79.75
200,8621.054,79.724
200.1,8725.169,79.683
200.2,8838.146,79.638
200.3,8854.002,79.591
200.4,8960.454,79.566
200.5,9257.657,79.554
200.6,9819.321,79.53
200.7,10271.649,79.498
200.8,10803.867,79.457
200.9,11336.384,79.41
201,10154.922,79.365
201.1,8815.554,79.32
201.2,8640.456,79.286
201.3,8955.176,79.259
201.4,9174.605,79.24
201.5,9572.925,79.226
201.6,10009.257,79.191
201.7,10299.995,79.146
201.8,10542.755,79.101
201.9,10533.461,79.055
202,10074.622,79.01
202.1,9589.478,78.965
202.2,9769.817,78.919
202.3,10199.43,78.873
202.4,10602.885,78.855
202.5,10828.323,78.851
202.6,10925.122,78.824
202.7,10289.819,78.785
202.8,9727.401,78.765
202.9,9845.316,78.753
203,10204.707,78.728
203.1,10484.494,78.696
203.2,10551.65,78.674
203.3,10201.688,78.655
203.4,9490.009,78.632
203.5,8879.221,78.605
203.6,8662.565,78.58
203.7,8388.477,78.557
203.8,7827.642,78.536
203.9,8122.278,78.515
204,8887.944,78.489
204.1,9518.338,78.459
204.2,10007.229,78.449
204.3,10102.347,78.449
204.4,9849.907,78.449
204.5,9211.002,78.449
204.6,7868.352,78.449
204.7,6335.87,78.449
204.8,5543.549,78.446
204.9,5324.609,78.441
205,5132.643,78.409
205.1,5036.5,78.364
205.2,5226.472,78.35
205.3,5509.235,78.35
205.4,5229.014,78.35
205.5,5047.008,78.35
205.6,4936.18,78.35
205.7,4947.7,78.35
205.8,5165.401,78.326
205.9,5176.792,78.292
206,5192.157,78.271
206.1,5256.931,78.255
206.2,5415.976,78.25
206.3,5612.526,78.25
206.4,5776.909,78.235
206.5,5973.828,78.214
206.6,6193.195,78.187
206.7,6453.182,78.158
206.8,6676.482,78.14
206.9,6925.945,78.125
207,7222.398,78.096
207.1,7355.538,78.06
207.2,7625.772,78.045
207.3,7921.082,78.039
207.4,8217.99,78.003
207.5,8516.377,77.957
207.6,8773.655,77.911
207.7,8991.827,77.865
207.8,9092.126,77.818
207.9,9234.013,77.772
208,9542.369,77.727
208.1,9883.067,77.682
208.2,10011.518,77.662
208.3,10260.687,77.652
208.4,10556.733,77.627
208.5,10710.098,77.596
208.6,10857.671,77.553
208.7,10828.095,77.505
208.8,10426.514,77.457
208.9,10151.183,77.41
209,10003.248,77.38
209.1,9726.894,77.356
209.2,9268.877,77.333
209.3,8613.783,77.312
209.4,7777.146,77.271
209.5,6993.592,77.224
209.6,6529.444,77.189
209.7,6506.181,77.157
209.8,7013.955,77.14
209.9,7779.188,77.129
210,8250.871,77.097
210.1,8025.14,77.059
210.2,7489.159,77.049
210.3,7814.298,77.049
210.4,8599.898,77.049
210.5,8784.788,77.049
210.6,8703.803,77.049
210.7,8750.085,77.049
210.8,8891.843,77.049
210.9,8868.022,77.049
211,8680.513,77.018
211.1,8333.972,76.978
211.2,7986.783,76.962
211.3,7924.039,76.952
211.4,7820.661,76.95
211.5,7551.457,76.95
211.6,7368.604,76.95
211.7,7100.201,76.95
211.8,6932.143,76.95
211.9,7249.142,76.95
212,8034.243,76.931
212.1,7661.769,76.907
212.2,6979.178,76.881
212.3,6463.295,76.855
212.4,5964.178,76.836
212.5,5779.776,76.819
212.6,6344.159,76.789
212.7,6912.239,76.757
212.8,7225.469,76.743
212.9,7573.975,76.734
213,8046.803,76.699
213.1,8430.155,76.658
213.2,8599.675,76.647
213.3,8629.247,76.644
213.4,8430.026,76.606
213.5,8103.452,76.559
213.6,8193.026,76.512
213.7,8468.753,76.466
213.8,8561.016,76.419
213.9,8759.427,76.373
214,8914.154,76.358
214.1,8833.426,76.351
214.2,9134.828,76.323
214.3,9502.618,76.29
214.4,9737.869,76.246
214.5,9650.475,76.2
214.6,9721.237,76.174
214.7,9741.701,76.153
214.8,9839.687,76.131
214.9,9891.935,76.108
215,9914.35,76.082
215.1,9828.975,76.054
215.2,9748.857,76.038
215.3,9741.258,76.023
215.4,9837.679,75.991
215.5,10161.672,75.956
215.6,10422.923,75.95
215.7,10522.879,75.95
215.8,10521.987,75.95
215.9,10454.749,75.95
216,10368.391,75.913
216.1,10357.924,75.868
216.2,10327.012,75.856
216.3,10018.403,75.85
216.4,9671.216,75.849
216.5,9360.441,75.849
216.6,9202.896,75.849
216.7,8787.72,75.849
216.8,8433.83,75.849
216.9,8202.88,75.849
217,8052.799,75.849
217.1,7745.91,75.849
217.2,7336.295,75.849
217.3,7094.631,75.849
217.4,7193.048,75.849
217.5,7203.912,75.849
217.6,6968.17,75.831
217.7,6866.192,75.81
217.8,6923.057,75.783
217.9,6833.097,75.754
218,6622.237,75.749
218.1,6409.831,75.749
218.2,6283.559,75.739
218.3,5893.347,75.726
218.4,5379.736,75.692
218.5,5836.361,75.654
218.6,6825.244,75.649
218.7,6145.926,75.649
218.8,5473.274,75.649
218.9,5606.545,75.649
219,5620.061,75.649
219.1,5493.583,75.649
219.2,5601.346,75.614
219.3,6362.336,75.573
219.4,6749.927,75.528
219.5,7047.472,75.482
219.6,7241.585,75.465
219.7,7223.722,75.452
219.8,7342.961,75.425
219.9,8165.196,75.396
220,8442.599,75.374
220.1,8727.004,75.352
220.2,9311.055,75.332
220.3,9452.871,75.311
220.4,9176.026,75.282
220.5,8933.541,75.253
220.6,8779.599,75.238
220.7,8825.437,75.225
220.8,8955.886,75.191
220.9,9053.367,75.154
221,9187.041,75.145
221.1,9367.004,75.139
221.2,9548.902,75.098
221.3,9443.469,75.054
221.4,9235.93,75.05
221.5,9498.377,75.05
221.6,9743.896,75.013
221.7,9589.021,74.972
221.8,9687.546,74.96
221.9,9658.142,74.951
222,9596.213,74.922
222.1,9584.62,74.891
222.2,9668.267,74.87
222.3,9921.944,74.851
222.4,10251.604,74.85
222.5,10585.263,74.85
222.6,10991.163,74.833
222.7,11421.547,74.816
222.8,11779.368,74.784
222.9,11913.606,74.752
223,11347.983,74.75
223.1,9883.173,74.75
223.2,9321.876,74.75
223.3,9694.406,74.75
223.4,9998.234,74.75
223.5,10261.234,74.75
223.6,10303.267,74.75
223.7,9768.509,74.75
223.8,9269.023,74.75
223.9,8605.207,74.75
224,8026.971,74.75
224.1,8346.978,74.75
224.2,9069.773,74.75
224.3,9227.392,74.75
224.4,8679.063,74.75
224.5,7949.449,74.75
224.6,7574.822,74.75
224.7,7370.218,74.75
224.8,7097.017,74.722
224.9,6840.61,74.694
225,6664.31,74.696
225.1,6764.113,74.7
225.2,7129.007,74.704
225.3,7257.858,74.707
225.4,7049.689,74.679
225.5,7162.335,74.651
225.6,7178.952,74.65
225.7,7292.905,74.65
225.8,7367.366,74.65
225.9,7488.489,74.65
226,8284.314,74.65
226.1,8738.205,74.65
226.2,9203.012,74.65
226.3,10078.754,74.65
226.4,10635.105,74.65
226.5,10871.623,74.65
226.6,10787.334,74.65
226.7,10744.29,74.65
226.8,10961.872,74.65
226.9,11173.989,74.65
227,11179.702,74.613
227.1,10921.735,74.575
227.2,10621.826,74.562
227.3,10399.938,74.55
227.4,10207.669,74.55
227.5,10208.516,74.55
227.6,10242.604,74.55
227.7,10359.327,74.55
227.8,10595.602,74.55
227.9,11094.768,74.55
228,9591.964,74.55
228.1,8992.071,74.55
228.2,8797.874,74.55
228.3,9022.7,74.55
228.4,9123.922,74.557
228.5,9483.248,74.565
228.6,9303.37,74.607
228.7,9178.509,74.65
228.8,9181.303,74.65
228.9,9406.526,74.651
229,9733.395,74.697
229.1,10034.223,74.742
229.2,10392.056,74.746
229.3,10489.286,74.75
229.4,9959.33,74.79
229.5,9621.704,74.829
229.6,9304.19,74.839
229.7,8913.572,74.85
229.8,8523.297,74.883
229.9,7929.011,74.916
230,7066.521,74.963
230.1,6122.567,75.01
230.2,5469.99,75.057
230.3,4836.674,75.104
230.4,4406.38,75.151
230.5,4599.359,75.198
230.6,5004.708,75.245
230.7,5349.736,75.292
230.8,5821.756,75.339
230.9,6715.133,75.386
231,8101.191,75.432
231.1,8976.243,75.478
231.2,8712.017,75.524
231.3,8539.2,75.569
231.4,9018.943,75.615
231.5,9377.497,75.661
231.6,9639.623,75.706
231.7,10010.357,75.751
231.8,10299.048,75.796
231.9,10586.164,75.839
232,10778.662,75.845
232.1,10497.679,75.851
232.2,9143.93,75.887
232.3,8074.16,75.923
232.4,8146.058,75.969
232.5,8178.702,76.014
232.6,8353.046,76.032
232.7,8496.251,76.051
232.8,8331.784,76.076
232.9,8070.477,76.101
233,7592.758,76.126
233.1,7242.664,76.151
233.2,6706.941,76.17
233.3,5927.388,76.19
233.4,5562.182,76.221
233.5,5574.732,76.25
233.6,5351.497,76.25
233.7,5165.042,76.25
233.8,5289.537,76.25
233.9,5260.545,76.25
234,5535.056,76.255
234.1,6869.64,76.263
234.2,8506.4,76.308
234.3,9083.027,76.35
234.4,8803.709,76.35
234.5,8969.283,76.35
234.6,9635.583,76.35
234.7,10449.827,76.35
234.8,10606.71,76.35
234.9,10588.598,76.353
235,10766.017,76.389
235.1,10843.897,76.423
235.2,10919.292,76.437
235.3,10764.954,76.452
235.4,10669.756,76.476
235.5,10659.133,76.5
235.6,10979.986,76.526
235.7,11361.682,76.551
235.8,11894.304,76.566
235.9,12047.725,76.582
236,11079.198,76.618
236.1,10293.107,76.651
236.2,9653.349,76.659
236.3,8757.525,76.671
236.4,7857.104,76.712
236.5,7178.51,76.75
236.6,6834.27,76.753
236.7,7166.709,76.761
236.8,8279.854,76.807
236.9,9504.851,76.853
237,8939.988,76.9
237.1,8435.197,76.941
237.2,9216.955,76.946
237.3,9527.79,76.954
237.4,9226.45,76.995
237.5,8833.556,77.031
237.6,8410.323,77.041
237.7,8202.37,77.053
237.8,8063.041,77.087
237.9,8046.192,77.119
238,8286.897,77.135
238.1,8250.553,77.153
238.2,7959.703,77.18
238.3,8213.89,77.21
238.4,8868.781,77.257
238.5,9175.497,77.301
238.6,9460.461,77.327
238.7,9219.79,77.352
238.8,9301.756,77.369
238.9,9606.463,77.391
239,10416.198,77.436
239.1,10825.486,77.481
239.2,11316.964,77.518
239.3,11737.019,77.55
239.4,11451.213,77.555
239.5,10128.759,77.565
239.6,9312.345,77.611
239.7,9349.113,77.65
239.8,9531.484,77.65
239.9,9934.565,77.656
240,10206.908,77.698
240.1,10013.211,77.741
240.2,9528.862,77.788
240.3,9092.309,77.829
240.4,8701.896,77.84
240.5,7998.285,77.855
240.6,7044.858,77.887
240.7,6453.371,77.921
240.8,6162.179,77.968
240.9,6001.763,78.011
241,5753.201,78.032
241.1,5287.435,78.054
241.2,5104.737,78.078
241.3,5876.904,78.106
241.4,7400.514,78.153
241.5,8452.465,78.196
241.6,8098.941,78.226
241.7,7196.562,78.252
241.8,6682.889,78.265
241.9,6694.62,78.284
242,6678.221,78.331
242.1,6511.465,78.377
242.2,6342.792,78.417
242.3,6153.634,78.45
242.4,5969.437,78.455
242.5,5777.859,78.467
242.6,5629.895,78.512
242.7,5479.683,78.558
242.8,5303.725,78.607
242.9,5167.018,78.655
243,5107.701,78.702
243.1,5225.803,78.749
243.2,5495.001,78.795
243.3,5832.34,78.834
243.4,6409.702,78.843
243.5,7001.576,78.856
243.6,7311.602,78.89
243.7,7913.517,78.92
243.8,8475.975,78.936
243.9,8812.219,78.955
244,8828.166,78.98
244.1,8753.979,79.005
244.2,8158.469,79.03
244.3,7594.864,79.054
244.4,7046.328,79.073
244.5,6864.826,79.095
244.6,6663.618,79.125
244.7,6481.688,79.15
244.8,6376.952,79.15
244.9,6545.149,79.151
245,6883.755,79.16
245.1,6772.746,79.175
245.2,6666.07,79.217
245.3,6969.903,79.25
245.4,7193.36,79.25
245.5,7089.228,79.25
245.6,7112,79.25
245.7,7374.798,79.25
245.8,7591.812,79.25
245.9,7698.896,79.259
246,7774.168,79.298
246.1,8013.692,79.331
246.2,8380.409,79.342
246.3,8425.646,79.35
246.4,8607.076,79.35
246.5,8903.572,79.357
246.6,8992.544,79.387
246.7,8875.368,79.415
246.8,8977.682,79.435
246.9,9060.937,79.455
247,9292.178,79.477
247.1,9625.319,79.505
247.2,9908.164,79.549
247.3,10152.096,79.592
247.4,10340.624,79.625
247.5,10414.66,79.652
247.6,10396.5,79.66
247.7,10092.19,79.679
247.8,9355.861,79.726
247.9,8808.652,79.773
248,8395.33,79.82
248.1,8231.834,79.868
248.2,9086.205,79.915
248.3,9949.87,79.949
248.4,9609.154,79.949
248.5,9300.263,79.971
248.6,9196.217,80.056
248.7,9349.416,80.133
248.8,9789.385,80.187
248.9,10088.315,80.229
249,10324.145,80.241
249.1,10609.433,80.258
249.2,10683.684,80.289
249.3,10202.382,80.325
249.4,9272.799,80.372
249.5,8626.87,80.42
249.6,8155.95,80.468
249.7,8032.309,80.516
249.8,7849.182,80.564
249.9,7623.485,80.605
250,7302.207,80.631
250.1,6888.731,80.655
250.2,6435.181,80.672
250.3,6336.719,80.698
250.4,7102.404,80.745
250.5,7763.897,80.788
250.6,7923.553,80.824
250.7,8031.136,80.852
250.8,7926.85,80.859
250.9,7598.693,80.878
251,7198.051,80.926
251.1,6811.275,80.973
251.2,6541.651,81.018
251.3,6301.169,81.05
251.4,5999.201,81.05
251.5,5769.572,81.064
251.6,5709.398,81.109
251.7,5982.546,81.154
251.8,6642.421,81.201
251.9,7074.427,81.236
252,6974.946,81.244
252.1,7146.013,81.249
252.2,7581.039,81.249
252.3,8168.95,81.259
252.4,8358.061,81.29
252.5,8730.797,81.317
252.6,9238.992,81.336
252.7,9776.787,81.357
252.8,10345.872,81.379
252.9,10732.036,81.403
253,10739.42,81.431
253.1,10369.606,81.449
253.2,9942.12,81.449
253.3,9883.21,81.449
253.4,10309.161,81.449
253.5,10569.217,81.449
253.6,9988.02,81.449
253.7,9165.18,81.449
253.8,8882.389,81.449
253.9,8980.694,81.449
254,9173.686,81.449
254.1,9553.214,81.449
254.2,9964.372,81.449
254.3,10345.511,81.449
254.4,10254.282,81.449
254.5,9671.533,81.438
254.6,9597.717,81.405
254.7,10533.809,81.378
254.8,10808.763,81.361
254.9,10991.505,81.349
255,11104.225,81.349
255.1,11159.413,81.342
255.2,11214.419,81.32
255.3,10963.363,81.296
255.4,10282.921,81.268
255.5,9879.432,81.249
255.6,9697.124,81.249
255.7,9396.331,81.244
255.8,8833.856,81.231
255.9,8570.422,81.209
256,8976.864,81.173
256.1,9199.423,81.15
256.2,8904.638,81.15
256.3,8267.573,81.15
256.4,7525.521,81.15
256.5,6815.255,81.15
256.6,6244.091,81.15
256.7,6045.433,81.15
256.8,6458.02,81.15
256.9,7021.089,81.15
257,7061.451,81.15
257.1,6907.671,81.135
257.2,6956.437,81.093
257.3,7094.846,81.064
257.4,7159.318,81.055
257.5,7154.981,81.05
257.6,7192.728,81.05
257.7,7240.063,81.05
257.8,7491.781,81.05
257.9,7794.269,81.05
258,8247.34,81.05
258.1,8682.98,81.05
258.2,8975.173,81.05
258.3,9420.823,81.042
258.4,9715.946,81.023
258.5,10045.395,80.999
258.6,10285.761,80.968
258.7,10379.419,80.95
258.8,10222.102,80.95
258.9,9661.536,80.95
259,9019.047,80.95
259.1,8688.131,80.948
259.2,8482.293,80.944
259.3,8027.117,80.923
259.4,7777.093,80.877
259.5,8643.445,80.85
259.6,9676.838,80.85
259.7,9606.933,80.832
259.8,9135.379,80.787
259.9,8582.648,80.759
260,8233.017,80.753
260.1,7955.591,80.735
260.2,7625.536,80.699
260.3,7225.441,80.658
260.4,6750.946,80.611
260.5,6484.477,80.577
260.6,6830.754,80.56
260.7,7415.231,80.538
260.8,7417.612,80.512
260.9,7192.208,80.486
261,7342.325,80.463
261.1,7446.319,80.442
261.2,7447.078,80.424
261.3,7484.38,80.4
261.4,7559.808,80.368
261.5,7517.196,80.345
261.6,7536.402,80.334
261.7,7686.279,80.311
261.8,7987.969,80.272
261.9,8548.655,80.249
262,9037.907,80.248
262.1,9697.168,80.228
262.2,10491.012,80.184
262.3,11042.088,80.157
262.4,11523.844,80.152
262.5,11874.246,80.133
262.6,11967.596,80.094
262.7,11879.322,80.068
262.8,11793.854,80.056
262.9,11793.703,80.049
263,12001.39,80.049
263.1,12424.286,80.039
263.2,12478.454,80.014
263.3,11715.396,79.989
263.4,10943.316,79.963
263.5,10521.891,79.941
263.6,10187.808,79.922
263.7,9874.708,79.898
263.8,9547.184,79.866
263.9,9193.806,79.849
264,8826.854,79.849
264.1,8456.525,79.846
264.2,8184.146,79.838
264.3,8330.533,79.814
264.4,9129.634,79.772
264.5,9433.322,79.75
264.6,8913.565,79.75
264.7,8698.086,79.75
264.8,8717.079,79.75
264.9,8800.296,79.75
265,8960.97,79.75
265.1,9072.679,79.73
265.2,9000.693,79.69
265.3,8803.236,79.664
265.4,8627.914,79.655
265.5,8560.862,79.65
265.6,8558.335,79.65
265.7,8612.78,79.65
265.8,8791.812,79.65
265.9,8866.722,79.636
266,8971.792,79.608
266.1,9320.008,79.583
266.2,9723.722,79.561
266.3,10113.223,79.55
266.4,10450.227,79.55
266.5,10621.186,79.55
266.6,10786.666,79.55
266.7,11332.316,79.544
266.8,11957.162,79.532
266.9,11422.363,79.506
267,10339.334,79.469
267.1,10039.39,79.45
267.2,10173.091,79.45
267.3,10554.63,79.45
267.4,11102.832,79.45
267.5,11461.06,79.45
267.6,11508.553,79.45
267.7,11437.706,79.426
267.8,11421.169,79.38
267.9,11118.2,79.355
268,10423.238,79.352
268.1,9882.307,79.35
268.2,9587.9,79.35
268.3,9300.095,79.332
268.4,9229.949,79.297
268.5,9659.292,79.273
268.6,9961.806,79.257
268.7,9744.647,79.235
268.8,9435.276,79.207
268.9,9180.696,79.182
269,8941.182,79.16
269.1,8647.68,79.15
269.2,8317.924,79.15
269.3,7935.443,79.15
269.4,7596.321,79.15
269.5,7443.315,79.15
269.6,7630.504,79.15
269.7,7984.148,79.144
269.8,7975.879,79.134
269.9,8064.438,79.108
270,8309.369,79.068
270.1,8280.287,79.05
270.2,8298.353,79.05
270.3,8315.094,79.05
270.4,8092.03,79.05
270.5,7976.42,79.05
270.6,8140.664,79.05
270.7,8333.984,79.05
270.8,8590.111,79.05
270.9,8860.943,79.028
271,8979.615,78.99
271.1,9055.092,78.966
271.2,9198.71,78.955
271.3,9507.508,78.95
271.4,9965.588,78.95
271.5,10465.988,78.936
271.6,10978.406,78.911
271.7,11489.72,78.886
271.8,11896.487,78.86
271.9,11416.013,78.85
272,10186.544,78.85
272.1,9830.003,78.843
272.2,10030.553,78.832
272.3,10116.318,78.805
272.4,10292.932,78.766
272.5,10569.531,78.75
272.6,10752.336,78.75
272.7,10942.383,78.749
272.8,11112.736,78.748
272.9,10790.014,78.722
273,10347.583,78.678
273.1,10508.884,78.656
273.2,10869.25,78.651
273.3,11041.608,78.627
273.4,11134.297,78.588
273.5,11117.504,78.545
273.6,10310.849,78.499
273.7,9930.016,78.471
273.8,10519.887,78.456
273.9,10933.735,78.449
274,11002.691,78.449
274.1,10999.511,78.434
274.2,10270.972,78.408
274.3,9622.508,78.383
274.4,9109.438,78.36
274.5,8550.763,78.35
274.6,8292.013,78.35
274.7,8421.173,78.35
274.8,9226.536,78.35
274.9,10005.636,78.35
275,9990.994,78.35
275.1,9527.844,78.35
275.2,8833.284,78.35
275.3,8044.538,78.35
275.4,7501.862,78.35
275.5,7553.894,78.35
275.6,8699.849,78.35
275.7,9311.086,78.35
275.8,8353.154,78.35
275.9,7309.737,78.378
276,6715.86,78.423
276.1,6425.321,78.443
276.2,6304.113,78.448
276.3,6863.36,78.449
276.4,7528.717,78.449
276.5,7604.648,78.449
276.6,7487.405,78.449
276.7,7464.359,78.449
276.8,7408.88,78.449
276.9,7405.854,78.449
277,7729.65,78.449
277.1,8157.884,78.449
277.2,8509.327,78.449
277.3,8886.13,78.449
277.4,9294.326,78.449
277.5,9785.546,78.449
277.6,10297.725,78.449
277.7,10557.857,78.449
277.8,10872.393,78.449
277.9,11089.342,78.449
278,11403.064,78.449
278.1,11835.922,78.449
278.2,12144.626,78.449
278.3,12061.618,78.42
278.4,11543.035,78.375
278.5,12005.818,78.356
278.6,13280.88,78.352
278.7,13814.806,78.326
278.8,13750.046,78.29
278.9,13328.323,78.269
279,13631.786,78.255
279.1,12855.396,78.25
279.2,11034.588,78.25
279.3,9956.063,78.236
279.4,9664.409,78.214
279.5,9900.7,78.188
279.6,10070.177,78.159
279.7,9954.821,78.142
279.8,9534.921,78.129
279.9,8763.635,78.1
280,8383.275,78.062
280.1,9660.642,78.05
280.2,10786.167,78.05
280.3,10857.044,78.05
280.4,10442.013,78.05
280.5,9719.036,78.05
280.6,9493.563,78.05
280.7,9704.793,78.05
280.8,9470.723,78.05
280.9,8734.476,78.05
281,7961.77,78.05
281.1,7195.595,78.05
281.2,6626.563,78.05
281.3,6833.223,78.05
281.4,7863.135,78.05
281.5,8727.438,78.05
281.6,8403.809,78.05
281.7,7861.573,78.05
281.8,7695.32,78.05
281.9,7476.415,78.067
282,7420.732,78.091
282.1,7520.579,78.116
282.2,7640.949,78.142
282.3,7599.557,78.15
282.4,7398.334,78.15
282.5,7240.392,78.15
282.6,7400.92,78.15
282.7,7696.219,78.15
282.8,7943.879,78.15
282.9,7949.838,78.15
283,7532.079,78.15
283.1,6898.325,78.15
283.2,6303.245,78.15
283.3,5574.251,78.15
283.4,4881.92,78.15
283.5,4543.242,78.118
283.6,4640.131,78.073
283.7,4887.164,78.057
283.8,5385.725,78.051
283.9,6563.243,78.05
284,7003.652,78.05
284.1,7267.855,78.025
284.2,7437.94,77.992
284.3,7533.789,77.971
284.4,7927.404,77.954
284.5,8544.527,77.931
284.6,8916.95,77.906
284.7,8780.628,77.864
284.8,8362.489,77.817
284.9,8083.058,77.785
285,7953.511,77.757
285.1,7936.275,77.737
285.2,8474.014,77.721
285.3,9049.431,77.692
285.4,8608.25,77.658
285.5,8545.067,77.643
285.6,8832.829,77.634
285.7,9175.5,77.601
285.8,9331.685,77.56
285.9,9416.466,77.55
286,9498.937,77.55
286.1,9496.841,77.515
286.2,9581.221,77.469
286.3,9843.82,77.455
286.4,10023.252,77.451
286.5,10113.788,77.45
286.6,10104.075,77.45
286.7,10078.157,77.45
286.8,10033.379,77.45
286.9,9979.909,77.427
287,9943.656,77.397
287.1,9899.753,77.375
287.2,9846.251,77.354
287.3,9792.344,77.35
287.4,9778.547,77.35
287.5,9843.135,77.35
287.6,9917.5,77.35
287.7,9931.898,77.35
287.8,9435.319,77.35
287.9,8651.391,77.35
288,8410.065,77.35
288.1,8191.242,77.35
288.2,7864.053,77.35
288.3,7527.847,77.35
288.4,7107.693,77.35
288.5,6683.389,77.35
288.6,6297.964,77.35
288.7,6258.308,77.35
288.8,6663.431,77.35
288.9,7118.565,77.35
289,7266.338,77.35
289.1,7384.604,77.316
289.2,7496.767,77.273
289.3,7319.511,77.258
289.4,7100.906,77.251
289.5,6807.127,77.249
289.6,6443.03,77.249
289.7,6182.389,77.249
289.8,6139.494,77.249
289.9,5892.091,77.227
290,5876.156,77.199
290.1,6615.657,77.176
290.2,7050.306,77.154
290.3,7365.099,77.149
290.4,7959.015,77.149
290.5,8722.921,77.149
290.6,9199.261,77.149
290.7,9492.237,77.14
290.8,9259.8,77.128
290.9,9137.543,77.095
291,9354.148,77.056
291.1,9464.155,77.047
291.2,9434.76,77.044
291.3,9577.52,77.007
291.4,9670.291,76.961
291.5,9645.512,76.952
291.6,9685.571,76.95
291.7,9881.763,76.95
291.8,9940.989,76.95
291.9,10061.778,76.919
292,10264.723,76.881
292.1,10259.663,76.864
292.2,10315.15,76.852
292.3,10137.273,76.824
292.4,10083.203,76.794
292.5,10095.358,76.773
292.6,10085.679,76.753
292.7,10238.882,76.75
292.8,10395.249,76.75
292.9,10532.034,76.75
293,10596.053,76.75
293.1,10654.347,76.738
293.2,10885.255,76.724
293.3,11219.437,76.691
293.4,11521.393,76.655
293.5,11793.649,76.65
293.6,11813.453,76.65
293.7,11219.63,76.65
293.8,9761.847,76.65
293.9,9772.145,76.65
294,10402.969,76.65
294.1,10621.161,76.65
294.2,10095.182,76.65
294.3,9753.314,76.65
294.4,9620.639,76.65
294.5,9171.602,76.65
294.6,9946.219,76.65
294.7,10365.321,76.65
294.8,10009.33,76.65
294.9,9543.687,76.65
295,9192.669,76.65
295.1,8911.829,76.65
295.2,8660.21,76.65
295.3,8330.051,76.67
295.4,7873.75,76.693
295.5,7406.677,76.72
295.6,6944.487,76.747
295.7,6502.344,76.75
295.8,6454.901,76.75
295.9,7145.53,76.75
296,7886.773,76.75
296.1,7342.882,76.75
296.2,7706.964,76.75
296.3,8089.836,76.75
296.4,7901.071,76.75
296.5,7623.504,76.75
296.6,7671.504,76.75
296.7,8027.822,76.75
296.8,8434.258,76.75
296.9,8801.624,76.75
297,9108.621,76.75
297.1,9351.896,76.75
297.2,9960.086,76.75
297.3,10796.767,76.75
297.4,11310.354,76.75
297.5,11380.907,76.75
297.6,11257.13,76.75
297.7,11172.862,76.723
297.8,10981.735,76.693
297.9,10664.905,76.672
298,10462.099,76.652
298.1,10249.591,76.65
298.2,10466.904,76.65
298.3,10636.786,76.65
298.4,11030.689,76.65
298.5,11417.197,76.638
298.6,10211.623,76.625
298.7,9270.747,76.59
298.8,9154.782,76.553
298.9,9363.742,76.55
299,9784.395,76.55
299.1,10099.773,76.55
299.2,10191.433,76.55
299.3,10154.571,76.55
299.4,10208.559,76.55
299.5,10382.146,76.511
299.6,10590.955,76.47
299.7,10777.396,76.459
299.8,10949.411,76.45
299.9,11003.001,76.45
300,10493.351,76.45
300.1,9928.95,76.45
300.2,9408.361,76.45
300.3,8470.46,76.45
300.4,7842.494,76.45
300.5,7412.179,76.45
300.6,7158.76,76.45
300.7,6561.713,76.45
300.8,5784.637,76.45
300.9,5572.018,76.45
301,6425.074,76.45
301.1,7634.179,76.45
301.2,8391.215,76.45
301.3,8620.36,76.45
301.4,8579.947,76.45
301.5,9136.326,76.45
301.6,9965.656,76.45
301.7,9984.595,76.452
301.8,10374.944,76.454
301.9,10588.056,76.498
302,10926.149,76.544
302.1,11299.084,76.548
302.2,11591.72,76.55
302.3,11790.632,76.55
302.4,11867.812,76.55
302.5,10914.642,76.55
302.6,9390.221,76.55
302.7,9015.036,76.55
302.8,9033.631,76.55
302.9,8766.648,76.55
303,8269.748,76.55
303.1,7861.724,76.55
303.2,7193.127,76.55
303.3,6474.316,76.55
303.4,6765.095,76.55
303.5,8167.457,76.55
303.6,9091.463,76.55
303.7,9481.428,76.55
303.8,9230.936,76.55
303.9,8552.432,76.55
304,8097.321,76.55
304.1,7594.086,76.55
304.2,7054.172,76.55
304.3,6336.24,76.55
304.4,5591.62,76.55
304.5,4925.263,76.55
304.6,4566.367,76.55
304.7,4215.852,76.55
304.8,4581.84,76.55
304.9,6163.563,76.55
305,8027.461,76.55
305.1,9039.248,76.55
305.2,9473.193,76.549
305.3,9951.748,76.517
305.4,10550.775,76.485
305.5,10880.197,76.467
305.6,11120.479,76.45
305.7,11277.137,76.45
305.8,11432.954,76.45
305.9,11610.088,76.45
306,11715.722,76.45
306.1,12192.375,76.45
306.2,12300.203,76.45
306.3,11896.464,76.45
306.4,10808.986,76.45
306.5,9595.4,76.45
306.6,9019.485,76.45
306.7,8730.537,76.45
306.8,8477.988,76.45
306.9,8304.044,76.441
307,8211.508,76.431
307.1,8141.042,76.39
307.2,8015.273,76.35
307.3,7886.586,76.35
307.4,8177.593,76.35
307.5,8927.513,76.35
307.6,8636.321,76.35
307.7,8325.298,76.35
307.8,8392.452,76.35
307.9,8276.514,76.35
308,8045.952,76.35
308.1,7981.617,76.35
308.2,8159.157,76.35
308.3,8004.229,76.35
308.4,8033.392,76.351
308.5,8287.747,76.377
308.6,8327.967,76.403
308.7,8100.551,76.427
308.8,8657.152,76.45
308.9,8920.436,76.45
309,9207.542,76.45
309.1,9571.67,76.45
309.2,10116.286,76.45
309.3,10358.371,76.45
309.4,10585.46,76.45
309.5,10622.416,76.45
309.6,10892.89,76.45
309.7,10762.936,76.45
309.8,9818.324,76.45
309.9,9105.922,76.45
310,9252.936,76.45
310.1,9538.028,76.45
310.2,9694.021,76.45
310.3,10000.676,76.45
310.4,10170.694,76.45
310.5,10052.69,76.45
310.6,9519.714,76.45
310.7,9095.279,76.45
310.8,8852.983,76.45
310.9,8445.534,76.45
311,7865.231,76.45
311.1,7078.831,76.45
311.2,6577.571,76.45
311.3,6524.512,76.45
311.4,7151.27,76.45
311.5,8171.754,76.45
311.6,8264.998,76.452
311.7,7925.008,76.479
311.8,7660.416,76.503
311.9,7087.773,76.503
312,6351.896,76.502
312.1,5640.477,76.497
312.2,4954.018,76.495
312.3,4516.314,76.524
312.4,4305.039,76.55
312.5,4137.646,76.55
312.6,4092.86,76.55
312.7,4089.743,76.55
312.8,4110.632,76.55
312.9,4212.645,76.55
313,4372.601,76.55
313.1,4194.062,76.55
313.2,3896.606,76.55
313.3,3920.847,76.55
313.4,4188.38,76.55
313.5,4190.744,76.55
313.6,4604.594,76.55
313.7,4638.051,76.55
313.8,4734.717,76.55
313.9,4946.935,76.55
314,5295.257,76.55
314.1,5656.406,76.55
314.2,5949.927,76.55
314.3,6238.282,76.55
314.4,6611.101,76.55
314.5,6959.739,76.55
314.6,7151.601,76.55
314.7,7480.586,76.55
314.8,8021.802,76.55
314.9,8353.971,76.55
315,7963.999,76.546
315.1,7626.58,76.516
315.2,7023.66,76.488
315.3,6777.062,76.468
315.4,6490.018,76.45
315.5,5909.877,76.45
315.6,5508.872,76.45
315.7,5311.246,76.45
315.8,5387.397,76.448
315.9,5972.069,76.434
316,6570.298,76.417
316.1,6716.844,76.381
316.2,6742.708,76.349
316.3,6930.022,76.342
316.4,7100.477,76.33
316.5,7152.592,76.286
316.6,7590.918,76.25
316.7,8107.089,76.25
316.8,8311.347,76.25
316.9,8476,76.25
317,8703.234,76.243
317.1,8897.787,76.2
317.2,9061.375,76.163
317.3,9184.775,76.156
317.4,9213.994,76.15
317.5,9094.028,76.15
317.6,9027.768,76.144
317.7,9221.288,76.112
317.8,9519.606,76.082
317.9,9665.353,76.064
318,9716.2,76.05
318.1,9705.794,76.05
318.2,9781.038,76.05
318.3,9903.14,76.05
318.4,9748.729,76.05
318.5,9090.766,76.05
318.6,8515.294,76.05
318.7,8455.325,76.05
318.8,9281.127,76.05
318.9,9715.116,76.05
319,9371.713,76.05
319.1,9527.64,76.05
319.2,9713.066,76.05
319.3,9849.669,76.05
319.4,10017.776,76.058
319.5,10180.391,76.103
319.6,10254.746,76.14
319.7,9984.801,76.145
319.8,9255.145,76.15
319.9,8695.781,76.15
320,8470.344,76.15
320.1,8086.131,76.15
320.2,7721.475,76.15
320.3,7713.437,76.15
320.4,7576.626,76.15
320.5,7248.397,76.15
320.6,6966.814,76.15
320.7,6821.251,76.15
320.8,6951.745,76.15
320.9,7285.581,76.15
321,7364.729,76.154
321.1,7251.922,76.173
321.2,7291.108,76.195
321.3,7367.865,76.226
321.4,7410.297,76.25
321.5,7271.01,76.25
321.6,6873.706,76.25
321.7,6478.013,76.25
321.8,6077.694,76.25
321.9,5775.306,76.25
322,5800.553,76.25
322.1,6102.437,76.25
322.2,6853.637,76.25
322.3,7073.059,76.25
322.4,7129.681,76.239
322.5,7236.142,76.193
322.6,7411.543,76.156
322.7,7986.057,76.152
322.8,8557.157,76.15
322.9,9044.604,76.15
323,9506.604,76.15
323.1,9735.456,76.15
323.2,9750.954,76.15
323.3,9719.518,76.15
323.4,9922.777,76.15
323.5,10341.806,76.15
323.6,10703.55,76.15
323.7,10804.127,76.15
323.8,10394.243,76.145
323.9,9443.061,76.125
324,8992.344,76.103
324.1,9311.107,76.073
324.2,9661.461,76.05
324.3,9997.996,76.05
324.4,10398.852,76.05
324.5,10745.91,76.05
324.6,10869.594,76.05
324.7,10800.819,76.05
324.8,9997.188,76.05
324.9,9374.521,76.05
325,10190.638,76.05
325.1,10780.511,76.05
325.2,11068.085,76.05
325.3,11261.516,76.05
325.4,11390.852,76.05
325.5,11471.466,76.05
325.6,11516.704,76.05
325.7,11386.869,76.05
325.8,10699.009,76.05
325.9,9965.261,76.05
326,9743.992,76.05
326.1,9542.262,76.05
326.2,9721.211,76.05
326.3,10655.512,76.05
326.4,11517.809,76.055
326.5,10813.246,76.076
326.6,10118.959,76.099
326.7,10681.82,76.129
326.8,11083.177,76.15
326.9,10550.664,76.15
327,9786.292,76.153
327.1,9326.673,76.166
327.2,8942.563,76.186
327.3,8851.139,76.224
327.4,9129.059,76.25
327.5,9678.342,76.25
327.6,10131.733,76.251
327.7,10103.688,76.255
327.8,9985.682,76.271
327.9,10290.142,76.315
328,10728.576,76.346
328.1,11072.869,76.348
328.2,11519.762,76.362
328.3,12135.076,76.402
328.4,12629.808,76.432
328.5,13100.068,76.443
328.6,13584.022,76.45
328.7,13918.635,76.45
328.8,13663.439,76.459
328.9,13351.766,76.489
329,13653.926,76.516
329.1,13591.843,76.536
329.2,13325.907,76.55
329.3,12066.916,76.55
329.4,11391.219,76.55
329.5,10936.404,76.55
329.6,10548.092,76.55
329.7,10132.107,76.55
329.8,9804.982,76.55
329.9,9467.532,76.55
330,9121.141,76.55
330.1,8715.117,76.55
330.2,8371.478,76.55
330.3,8114.594,76.55
330.4,7787.989,76.55
330.5,7372.485,76.55
330.6,7017.504,76.55
330.7,6834.863,76.55
330.8,6723.79,76.55
330.9,6843.777,76.55
331,7007.649,76.55
331.1,6972.284,76.55
331.2,6797.327,76.55
331.3,7052.079,76.55
331.4,7379.857,76.55
331.5,7537.288,76.55
331.6,7779.017,76.55
331.7,8138.762,76.55
331.8,8166.893,76.55
331.9,8137.683,76.55
332,8089.011,76.55
332.1,8080.062,76.55
332.2,8454.38,76.55
332.3,9176.78,76.55
332.4,9918.334,76.55
332.5,10789.287,76.55
332.6,11687.226,76.55
332.7,12419.641,76.55
332.8,12881.102,76.55
332.9,13042.207,76.55
333,13065.866,76.55
333.1,12983.825,76.55
333.2,12795.388,76.55
333.3,12672.052,76.55
333.4,12579.454,76.55
333.5,11996.649,76.55
333.6,11184.31,76.55
333.7,10659.423,76.55
333.8,10258.357,76.55
333.9,9908.883,76.55
334,9643.114,76.55
334.1,9402.55,76.55
334.2,9048.693,76.55
334.3,8663.467,76.55
334.4,8398.106,76.55
334.5,8184.058,76.55
334.6,8518.799,76.559
334.7,9171.152,76.583
334.8,9074.757,76.607
334.9,8758.893,76.634
335,8661.569,76.65
335.1,8710.267,76.65
335.2,8728.749,76.65
335.3,8675.796,76.65
335.4,8592.11,76.65
335.5,8571.779,76.65
335.6,8686.412,76.652
335.7,8819.956,76.658
335.8,8848.518,76.68
335.9,8981.924,76.724
336,9234.215,76.75
336.1,9322.862,76.75
336.2,9432.795,76.75
336.3,9651.167,76.75
336.4,9851.745,76.75
336.5,10019.319,76.75
336.6,10248.141,76.75
336.7,10559.241,76.75
336.8,11012.891,76.762
336.9,11630.523,76.79
337,12174.061,76.815
337.1,12636.022,76.837
337.2,12479.623,76.85
337.3,11368.245,76.85
337.4,10583.399,76.85
337.5,10678.724,76.85
337.6,10727.488,76.85
337.7,10844.734,76.85
337.8,11077.52,76.85
337.9,11320.51,76.85
338,11592.115,76.85
338.1,11963.313,76.85
338.2,11654.877,76.85
338.3,10610.811,76.85
338.4,10168.486,76.85
338.5,10563.634,76.85
338.6,11308.772,76.85
338.7,11503.16,76.85
338.8,10982.65,76.85
338.9,10495.325,76.85
339,10240.101,76.85
339.1,9966.77,76.85
339.2,9608.646,76.85
339.3,9226.948,76.85
339.4,8842.94,76.85
339.5,8504.793,76.85
339.6,8223.178,76.85
339.7,7918.008,76.85
339.8,7518.778,76.859
339.9,7015.012,76.879
340,6939.64,76.904
340.1,7929.342,76.934
340.2,9056.526,76.95
340.3,9232.298,76.95
340.4,8971.795,76.95
340.5,8849.97,76.95
340.6,8865.97,76.95
340.7,8786.869,76.95
340.8,8743.5,76.95
340.9,8899.355,76.95
341,9005.275,76.95
341.1,8980.595,76.95
341.2,8868.542,76.971
341.3,8832.919,77.015
341.4,8992.089,77.041
341.5,9349.43,77.046
341.6,9906.333,77.049
341.7,10536.581,77.049
341.8,11212.67,77.049
341.9,11764.735,77.049
342,12055.919,77.049
342.1,11954.878,77.049
342.2,11159.1,77.049
342.3,10309.852,77.049
342.4,10220.664,77.049
342.5,10435.153,77.049
342.6,10558.434,77.049
342.7,10795.262,77.049
342.8,10986.744,77.049
342.9,11072.171,77.049
343,11514.989,77.049
343.1,11890.326,77.049
343.2,10875.53,77.047
343.3,10179.277,77.041
343.4,10728.438,77.016
343.5,11052.689,76.972
343.6,11217.131,76.95
343.7,11313.844,76.95
343.8,11370.407,76.95
343.9,11454.497,76.95
344,11601.952,76.95
344.1,11787.011,76.95
344.2,11864.086,76.95
344.3,11542.128,76.95
344.4,10889.762,76.95
344.5,10317.479,76.95
344.6,9984.164,76.95
344.7,10219.11,76.95
344.8,11511.766,76.95
344.9,12279.902,76.95
345,11560.285,76.96
345.1,10400.54,76.98
345.2,9274.115,77.005
345.3,8209.071,77.035
345.4,7226.729,77.056
345.5,6488.721,77.069
345.6,6060.82,77.095
345.7,5807.4,77.132
345.8,5745.997,77.153
345.9,5890.729,77.16
346,6115.566,77.187
346.1,6239.245,77.23
346.2,6035.065,77.25
346.3,5538.576,77.251
346.4,5271.265,77.277
346.5,5252.826,77.323
346.6,5446.243,77.346
346.7,5796.264,77.348
346.8,5991.766,77.372
346.9,6047.921,77.412
347,6035.618,77.435
347.1,6012.345,77.445
347.2,6125.963,77.468
347.3,6355.407,77.501
347.4,6755.196,77.525
347.5,6899.408,77.542
347.6,6994.604,77.55
347.7,7042.099,77.55
347.8,7124.804,77.55
347.9,7408.53,77.55
348,7729.055,77.55
348.1,8063.735,77.55
348.2,8420.085,77.55
348.3,8830.837,77.55
348.4,9112.604,77.55
348.5,9424.342,77.55
348.6,9804.102,77.547
348.7,10057.083,77.542
348.8,10245.699,77.514
348.9,10531.011,77.469
349,10835.815,77.45
349.1,11091.47,77.45
349.2,11312.829,77.426
349.3,11349.952,77.385
349.4,10991.911,77.362
349.5,10348.44,77.353
349.6,9946.233,77.35
349.7,9775.521,77.35
349.8,9697.727,77.332
349.9,9799.861,77.302
350,9811.406,77.278
350.1,9332.718,77.258
350.2,8529.1,77.249
350.3,7994.408,77.249
350.4,7336.66,77.238
350.5,6493.275,77.219
350.6,5926.563,77.193
350.7,5680.708,77.162
350.8,5569.429,77.149
350.9,5646.408,77.149
351,5805.969,77.157
351.1,5851.985,77.168
351.2,6037.792,77.196
351.3,6315.387,77.235
351.4,6233.488,77.249
351.5,6245.39,77.249
351.6,6145.281,77.249
351.7,6051.682,77.249
351.8,6074.892,77.249
351.9,5861.557,77.249
352,5476.537,77.249
352.1,5384.268,77.249
352.2,5367.552,77.249
352.3,5180.071,77.249
352.4,5045.212,77.249
352.5,4941.398,77.249
352.6,4825.099,77.249
352.7,4696.74,77.249
352.8,4571.258,77.249
352.9,4395.27,77.249
353,4215.823,77.273
353.1,4177.364,77.309
353.2,4513.895,77.312
353.3,4674.165,77.293
353.4,4754.626,77.275
353.5,4877.683,77.256
353.6,4930.593,77.249
353.7,4992.959,77.249
353.8,5165.161,77.238
353.9,6015.259,77.219
354,8052.111,77.192
354.1,10262.354,77.161
354.2,10790.223,77.142
354.3,9425.471,77.131
354.4,8028.149,77.102
354.5,7822.224,77.063
354.6,8329.857,77.047
354.7,8629.892,77.043
354.8,8415.602,77.011
354.9,8193.275,76.966
355,8049.222,76.95
355.1,8382.837,76.95
355.2,9033.243,76.922
355.3,9008.968,76.88
355.4,8788.975,76.86
355.5,8777.945,76.853
355.6,8901.09,76.828
355.7,9042.484,76.794
355.8,9263.418,76.772
355.9,9503.854,76.755
356,9648.139,76.732
356.1,9754.608,76.704
356.2,9817.422,76.68
356.3,9741.903,76.657
356.4,9569.151,76.65
356.5,9397.638,76.65
356.6,9444.418,76.65
356.7,9507.138,76.65
356.8,9372.355,76.65
356.9,9242.465,76.65
357,9313.583,76.65
357.1,9336.498,76.65
357.2,9324.468,76.65
357.3,9568.378,76.65
357.4,9711.979,76.65
357.5,9207.425,76.65
357.6,8592.227,76.65
357.7,8302.41,76.65
357.8,8129.349,76.65
357.9,7848.099,76.65
358,7363.567,76.65
358.1,6840.545,76.65
358.2,6427.492,76.65
358.3,6340.669,76.65
358.4,7003.618,76.65
358.5,8045.04,76.65
358.6,8208.568,76.65
358.7,7819.443,76.65
358.8,7338.272,76.65
358.9,6806.46,76.65
359,6636.55,76.65
359.1,6665.479,76.65
359.2,6527.611,76.65
359.3,6310.99,76.65
359.4,6012.216,76.65
359.5,5961.516,76.65
359.6,6672.019,76.65
359.7,7093.909,76.65
359.8,7299.068,76.65
359.9,7677.719,76.65
360,8004.964,76.65
360.1,8135.951,76.65
360.2,8185.61,76.65
360.3,8375.185,76.65
360.4,8802.303,76.65
360.5,9293.884,76.65
360.6,9817.25,76.65
360.7,10105.867,76.65
360.8,9680.327,76.62
360.9,8300.953,76.58
361,7406.205,76.562
361.1,7176.322,76.552
361.2,7165.151,76.55
361.3,7245.771,76.55
361.4,7235.49,76.55
361.5,7350.913,76.55
361.6,7328.042,76.55
361.7,7526.994,76.55
361.8,7571.533,76.532
361.9,7493.415,76.509
362,7530.755,76.483
362.1,7495.349,76.456
362.2,7493.307,76.45
362.3,7721.7,76.45
362.4,7845.984,76.45
362.5,8068.216,76.45
362.6,8411.398,76.45
362.7,8610.738,76.45
362.8,8870.872,76.45
362.9,9102.285,76.45
363,9316.918,76.45
363.1,9419.497,76.45
363.2,9637.258,76.45
363.3,10116.836,76.45
363.4,10606.805,76.45
363.5,10900.421,76.45
363.6,11185.6,76.45
363.7,11440.635,76.45
363.8,10885.012,76.45
363.9,9840.645,76.45
364,8889.35,76.45
364.1,7842.567,76.45
364.2,6994.501,76.45
364.3,6501.175,76.45
364.4,6292.817,76.45
364.5,6335.898,76.45
364.6,6119.378,76.45
364.7,5473.979,76.45
364.8,5543.861,76.468
364.9,5451.517,76.49
365,4993.518,76.517
365.1,4663.144,76.544
365.2,4782.083,76.55
365.3,5166.717,76.55
365.4,5998.471,76.55
365.5,7269.695,76.55
365.6,8118.797,76.55
365.7,8804.439,76.55
365.8,9755.193,76.555
365.9,10751.463,76.563
366,11479.442,76.598
366.1,11863.785,76.641
366.2,11956.693,76.65
366.3,11883.469,76.65
366.4,11737.222,76.65
366.5,11691.491,76.65
366.6,11905.021,76.65
366.7,11985.226,76.65
366.8,11568.907,76.65
366.9,10632.34,76.65
367,10276.452,76.65
367.1,10618.564,76.65
367.2,11063.313,76.65
367.3,11138.539,76.65
367.4,10546.2,76.65
367.5,10055.471,76.65
367.6,9601.065,76.631
367.7,8422.245,76.609
367.8,8489.666,76.582
367.9,8754.781,76.554
368,9164.995,76.55
368.1,9757.687,76.55
368.2,10291.555,76.55
368.3,10629.102,76.55
368.4,10816.92,76.55
368.5,10851.225,76.55
368.6,10845.206,76.55
368.7,10864.952,76.55
368.8,10862.296,76.55
368.9,10949.48,76.55
369,10967.593,76.55
369.1,10424.64,76.55
369.2,9956.379,76.55
369.3,9723.031,76.55
369.4,9435.28,76.514
369.5,9189.92,76.473
369.6,8970.703,76.492
369.7,8702.595,76.523
369.8,8322.884,76.537
369.9,8141.556,76.548
370,7918.262,76.55
370.1,7680.81,76.55
370.2,7294.125,76.55
370.3,6626.136,76.55
370.4,5982.83,76.55
370.5,5738.665,76.55
370.6,5845.848,76.55
370.7,6396.747,76.55
370.8,7327.834,76.567
370.9,7675.271,76.587
371,7464.326,76.616
371.1,7843.875,76.646
371.2,7867.709,76.66
371.3,8131.592,76.672
371.4,8262.934,76.707
371.5,8431.806,76.745
371.6,8566.45,76.75
371.7,8663.245,76.75
371.8,8549.516,76.75
371.9,8203.05,76.75
372,7825.275,76.75
372.1,7592.848,76.75
372.2,7488.291,76.75
372.3,7278.975,76.75
372.4,7090.329,76.75
372.5,6785.247,76.75
372.6,6338.247,76.75
372.7,5557.854,76.75
372.8,4734.942,76.75
372.9,4749.193,76.75
373,4872.318,76.75
373.1,5864.819,76.75
373.2,7563.668,76.75
373.3,9009.741,76.75
373.4,9715.758,76.75
373.5,10155.309,76.75
373.6,10503.933,76.75
373.7,10805.9,76.75
373.8,11005.612,76.734
373.9,11124.31,76.717
374,11370.827,76.685
374.1,11646.491,76.653
374.2,11977.895,76.65
374.3,12326.78,76.65
374.4,12623.671,76.643
374.5,12769.41,76.636
374.6,12728.635,76.596
374.7,12752.929,76.553
374.8,12808.822,76.55
374.9,12871.395,76.55
375,12885.131,76.55
375.1,12831.516,76.55
375.2,11959.608,76.508
375.3,10900.668,76.463
375.4,10160.29,76.455
375.5,9701.411,76.45
375.6,9382.844,76.45
375.7,9161.116,76.45
375.8,9010.949,76.45
375.9,8768.138,76.45
376,8186.409,76.45
376.1,7321.544,76.45
376.2,6619.981,76.42
376.3,6368.255,76.388
376.4,6735.425,76.369
376.5,7837.663,76.351
376.6,8222.619,76.373
376.7,7337.98,76.399
376.8,7389.515,76.423
376.9,7577.583,76.449
377,7786.582,76.45
377.1,7954.285,76.45
377.2,8025.237,76.45
377.3,8055.689,76.45
377.4,8316.201,76.458
377.5,8168.344,76.467
377.6,7858.01,76.507
377.7,7908.565,76.548
377.8,8321.343,76.55
377.9,8822.234,76.55
378,9206.326,76.55
378.1,9708.798,76.55
378.2,10349.275,76.55
378.3,11215.219,76.55
378.4,10955.876,76.586
378.5,10773.541,76.623
378.6,9681.895,76.637
378.7,8550.335,76.649
378.8,8826.775,76.65
378.9,9079.022,76.65
379,9555.148,76.674
379.1,10027.004,76.698
379.2,10526.605,76.724
379.3,10518.61,76.749
379.4,9924.536,76.75
379.5,9501.52,76.75
379.6,9292.422,76.75
379.7,9008.426,76.75
379.8,8435.963,76.75
379.9,7590.594,76.75
380,6601.778,76.75
380.1,5937.216,76.75
380.2,5728.482,76.75
380.3,5714.313,76.75
380.4,5931.63,76.75
380.5,6775.289,76.75
380.6,7826.52,76.75
380.7,7644.28,76.75
380.8,7090.462,76.75
380.9,6737.153,76.75
381,6113.49,76.75
381.1,5400.854,76.75
381.2,5278.787,76.75
381.3,5275.778,76.75
381.4,5135.354,76.75
381.5,4954.493,76.75
381.6,4761.438,76.79
381.7,4584.485,76.829
381.8,4549.256,76.84
381.9,4621.129,76.85
382,4618.972,76.85
382.1,4785.005,76.85
382.2,4857.734,76.85
382.3,5979.529,76.85
382.4,6898.609,76.85
382.5,7759.032,76.85
382.6,9027.252,76.85
382.7,9792.299,76.85
382.8,10033.929,76.85
382.9,9973.256,76.85
383,9884.522,76.85
383.1,9690.314,76.85
383.2,8957.329,76.85
383.3,8046.906,76.85
383.4,7623.874,76.85
383.5,7309.42,76.85
383.6,7011.614,76.85
383.7,6857.639,76.85
383.8,6988.828,76.85
383.9,7195.93,76.85
384,6817.193,76.85
384.1,6440.055,76.85
384.2,6878.966,76.85
384.3,7194.503,76.85
384.4,7235.662,76.85
384.5,7350.758,76.85
384.6,7514.314,76.85
384.7,7504.031,76.85
384.8,7533.914,76.85
384.9,7772.58,76.848
385,8015.361,76.815
385.1,8208.221,76.783
385.2,8253.406,76.766
385.3,8331.212,76.75
385.4,8590.825,76.75
385.5,8735.066,76.75
385.6,8747.36,76.75
385.7,8594.272,76.749
385.8,8632.973,76.732
385.9,8651.025,76.714
386,8950.235,76.681
386.1,9560,76.65
386.2,9720.15,76.65
386.3,9370.067,76.65
386.4,8206.522,76.65
386.5,7339.577,76.65
386.6,7355.836,76.65
386.7,7487.966,76.65
386.8,7467.806,76.65
386.9,7472.396,76.65
387,7396.534,76.65
387.1,7149.072,76.65
387.2,6866.674,76.65
387.3,6659.09,76.653
387.4,6578.284,76.696
387.5,6870.168,76.736
387.6,7069.783,76.743
387.7,6979.421,76.75
387.8,6961.945,76.75
387.9,6884.068,76.75
388,7112.494,76.75
388.1,7566.229,76.75
388.2,7153.969,76.75
388.3,7122.719,76.752
388.4,6922.039,76.776
388.5,6675.324,76.8
388.6,6609.455,76.826
388.7,6432.005,76.85
388.8,6112.265,76.85
388.9,5810.125,76.852
389,5666.61,76.868
389.1,5734.889,76.886
389.2,5941.995,76.92
389.3,5801.501,76.95
389.4,5128.072,76.95
389.5,5012.584,76.95
389.6,5047.152,76.95
389.7,4979.211,76.95
389.8,4811.207,76.95
389.9,4716.304,76.95
390,4525.508,76.95
390.1,4390.03,76.955
390.2,4657.6,76.997
390.3,4750.844,77.034
390.4,4836.309,77.042
390.5,4989.993,77.049
390.6,5027.11,77.049
390.7,4988.209,77.049
390.8,4832.173,77.049
390.9,4765.734,77.049
391,4879.279,77.049
391.1,5015.725,77.049
391.2,5168.87,77.049
391.3,5409.498,77.049
391.4,5710.138,77.049
391.5,5991.022,77.049
391.6,6345.144,77.049
391.7,6668.326,77.049
391.8,6833.14,77.049
391.9,7017.281,77.049
392,7107.534,77.049
392.1,7167.549,77.049
392.2,7160.317,77.049
392.3,7288.048,77.049
392.4,7587.275,77.049
392.5,8022.937,77.049
392.6,8680.824,77.049
392.7,9168.387,77.049
392.8,9465.077,77.049
392.9,9789.956,77.043
393,10148.32,77
393.1,10488.829,76.964
393.2,10771.115,76.956
393.3,11011.761,76.95
393.4,11407.174,76.95
393.5,11671.631,76.95
393.6,11747.896,76.95
393.7,10300.941,76.95
393.8,10824.271,76.95
393.9,11227.45,76.95
394,11390.703,76.95
394.1,11495.107,76.95
394.2,11564.644,76.95
394.3,11415.441,76.95
394.4,10559.288,76.95
394.5,9803.62,76.953
394.6,9524.059,76.967
394.7,8846.578,76.985
394.8,8199.921,77.021
394.9,8034.02,77.049
395,8290.117,77.049
395.1,8682.78,77.049
395.2,8816.827,77.049
395.3,8567.235,77.05
395.4,8336.684,77.053
395.5,8101.078,77.065
395.6,7867.694,77.11
395.7,7617.124,77.148
395.8,7448.265,77.149
395.9,7556.769,77.158
396,8072.592,77.198
396.1,8066.188,77.232
396.2,7969.049,77.242
396.3,7980.138,77.249
396.4,8024.925,77.249
396.5,8072.548,77.255
396.6,8045.728,77.284
396.7,7967.083,77.311
396.8,8252.141,77.332
396.9,8594.141,77.35
397,9113.999,77.35
397.1,9736.038,77.353
397.2,10327.631,77.369
397.3,10911.046,77.389
397.4,11520.899,77.423
397.5,11736.873,77.45
397.6,11249.65,77.45
397.7,10613.54,77.45
397.8,9547.717,77.45
397.9,8871.151,77.45
398,8630.214,77.45
398.1,8171.123,77.45
398.2,7587.957,77.45
398.3,6857.504,77.45
398.4,5907.434,77.45
398.5,5027.908,77.45
398.6,4495.965,77.45
398.7,4331.5,77.45
398.8,4402.359,77.45
398.9,4700.074,77.45
399,5446.295,77.45
399.1,6825.48,77.45
399.2,8216.494,77.45
399.3,8168.965,77.45
399.4,7502.767,77.45
399.5,7006.75,77.45
399.6,6744.7,77.45
399.7,7049.576,77.443
399.8,7057.957,77.417
399.9,7392.73,77.391
400,7534.408,77.367
400.1,7449.09,77.35
400.2,7489.492,77.35
400.3,7563.743,77.35
400.4,7695.965,77.35
400.5,7807.257,77.35
400.6,8059.164,77.35
400.7,8770.05,77.35
400.8,9356.525,77.35
400.9,10022.255,77.35
401,10695.588,77.35
401.1,11142.919,77.35
401.2,10854.538,77.35
401.3,10293.145,77.35
401.4,10803.443,77.35
401.5,11378.725,77.35
401.6,11683.047,77.35
401.7,12001.558,77.35
401.8,12389.985,77.35
401.9,12693.667,77.35
402,12304.32,77.35
402.1,11326.368,77.35
402.2,10869.989,77.35
402.3,10536.805,77.35
402.4,10197.56,77.35
402.5,9871.329,77.35
402.6,9513.318,77.35
402.7,9110.606,77.35
402.8,8749.902,77.35
402.9,8686.268,77.35
403,9078.716,77.35
403.1,9271.729,77.35
403.2,8870.741,77.35
403.3,9038.33,77.35
403.4,9009.146,77.35
403.5,8655.4,77.35
403.6,8463.51,77.35
403.7,8451.732,77.363
403.8,8360.225,77.409
403.9,8113.725,77.442
404,7969.543,77.446
404.1,8214.818,77.45
404.2,8614.375,77.45
404.3,8716.703,77.45
404.4,8719.998,77.45
404.5,9068.884,77.45
404.6,9228.945,77.45
404.7,9315.948,77.45
404.8,9581.76,77.45
404.9,10000.289,77.455
405,10373.281,77.471
405.1,10737.254,77.493
405.2,10703.943,77.527
405.3,9997.282,77.55
405.4,9567.294,77.55
405.5,9850.792,77.55
405.6,10206.37,77.55
405.7,10725.133,77.55
405.8,11451.886,77.55
405.9,12029.073,77.55
406,12341.231,77.55
406.1,12345.31,77.55
406.2,12111.782,77.55
406.3,11856.329,77.55
406.4,11505.75,77.55
406.5,11366.5,77.55
406.6,11657.528,77.55
406.7,11800.215,77.55
406.8,11037.411,77.55
406.9,10298.549,77.55
407,9930.167,77.55
407.1,9486.854,77.55
407.2,8837.741,77.55
407.3,8577.593,77.55
407.4,9492.242,77.55
407.5,10524.241,77.55
407.6,10135.333,77.55
407.7,9529.689,77.55
407.8,8995.117,77.55
407.9,8647.353,77.55
408,8348.093,77.55
408.1,8144.551,77.55
408.2,7882.14,77.55
408.3,7468.734,77.55
408.4,7079.708,77.55
408.5,6846.662,77.55
408.6,6994.578,77.55
408.7,7733.802,77.566
408.8,8478.372,77.61
408.9,8419.475,77.64
409,7825.112,77.646
409.1,7382.479,77.65
409.2,7258.821,77.65
409.3,7607.827,77.65
409.4,8484.867,77.65
409.5,9288.432,77.66
409.6,9753.404,77.688
409.7,10228.769,77.713
409.8,10634.214,77.736
409.9,10933.791,77.75
410,11159.351,77.75
410.1,11573.479,77.75
410.2,12030.309,77.75
410.3,12405.443,77.754
410.4,12654.125,77.765
410.5,12702.978,77.787
410.6,12381.148,77.826
410.7,11388.844,77.85
410.8,9941.931,77.85
410.9,9782.785,77.85
411,10139.294,77.85
411.1,10540.189,77.85
411.2,10925.41,77.85
411.3,11189.188,77.85
411.4,11386.001,77.85
411.5,11786.074,77.85
411.6,12217.309,77.85
411.7,11960.708,77.85
411.8,11234.318,77.85
411.9,10921.797,77.85
412,11114.91,77.85
412.1,11310.691,77.85
412.2,11409.513,77.85
412.3,11480.045,77.85
412.4,11592.412,77.85
412.5,11764.237,77.85
412.6,11976.461,77.85
412.7,11607.369,77.85
412.8,10729.036,77.85
412.9,10422.882,77.85
413,10054.087,77.85
413.1,9474.184,77.85
413.2,9009.999,77.85
413.3,9462.827,77.85
413.4,10757.749,77.85
413.5,11469.557,77.869
413.6,12080.184,77.914
413.7,12652.083,77.942
413.8,12172.406,77.947
413.9,11113.504,77.967
414,10089.495,78.006
414.1,9269.752,78.033
414.2,8673.208,78.044
414.3,8221.377,78.05
414.4,7817.152,78.05
414.5,7371.321,78.063
414.6,7108.755,78.094
414.7,6974.661,78.131
414.8,6790.398,78.178
414.9,7056.73,78.214
415,7697.717,78.237
415.1,8015.136,78.258
415.2,8173.523,78.277
415.3,8441.267,78.301
415.4,8688.41,78.333
415.5,8927.056,78.355
415.6,9286.403,78.365
415.7,9816.352,78.389
415.8,10379.437,78.428
415.9,10882.235,78.449
416,11301.671,78.449
416.1,11033.681,78.449
416.2,10131.936,78.449
416.3,9720.31,78.449
416.4,9774.504,78.449
416.5,9788.449,78.449
416.6,9847.311,78.449
416.7,10124.97,78.449
416.8,10666.603,78.449
416.9,11140.445,78.449
417,11485.059,78.449
417.1,11823.564,78.449
417.2,11948.026,78.449
417.3,11282.148,78.449
417.4,10430.072,78.449
417.5,10474.757,78.442
417.6,10872.86,78.426
417.7,11177.703,78.401
417.8,10626.301,78.368
417.9,9500.639,78.35
418,8780.843,78.35
418.1,8383.555,78.35
418.2,8768.919,78.35
418.3,9594.951,78.35
418.4,9528.873,78.35
418.5,8720.299,78.35
418.6,8118.328,78.35
418.7,7683.956,78.35
418.8,7068.971,78.35
418.9,6678.913,78.35
419,6509.028,78.35
419.1,6082.65,78.35
419.2,5565.796,78.35
419.3,5156.182,78.35
419.4,4941.918,78.35
419.5,4843.458,78.368
419.6,4778.064,78.405
419.7,4695.372,78.429
419.8,4558.643,78.443
419.9,4299.008,78.449
420,4106.872,78.449
420.1,4112.377,78.463
420.2,4107.129,78.49
420.3,4168.675,78.516
420.4,4349.224,78.538
420.5,4464.913,78.56
420.6,4512.081,78.58
420.7,4551.641,78.606
420.8,4596.746,78.635
420.9,4646.175,78.649
421,4681.626,78.649
421.1,4715.005,78.654
421.2,4769.076,78.663
421.3,4803.49,78.689
421.4,4840.361,78.73
421.5,4886.75,78.75
421.6,4916.912,78.75
421.7,4937.457,78.75
421.8,4945.869,78.75
421.9,4950.596,78.75
422,4962.287,78.75
422.1,4984.667,78.75
422.2,5005.067,78.75
422.3,5017.888,78.75
422.4,5031.187,78.75
422.5,5030.065,78.728
422.6,4983.922,78.687
422.7,4914.679,78.664
422.8,4859.63,78.654
422.9,4820.603,78.649
423,4791.418,78.649
423.1,4753.251,78.632
423.2,4701.77,78.601
423.3,4650.852,78.576
423.4,4593.9,78.558
423.5,4487.856,78.534
423.6,4284.665,78.506
423.7,4140.23,78.493
423.8,4114.415,78.493
423.9,4114.415,78.493
424,4114.415,78.493
424.1,4114.415,78.493
424.2,4114.415,78.493
424.3,4114.415,78.493
424.4,4114.415,78.493
424.443,4114.415,78.493
,,
,,
424.443,,
